Year_Name_12hr,Landfall_Marker_12hr,Adjusted_Loss,Unadjusted_Loss,USA_WIND_12hr,USA_PRES_12hr,USA_R34_NE_12hr,USA_RMW_12hr,STORM_SPEED_12hr,Storm_Tide_12hr,SS_Category_12hr,Rainfall_Sum_Accumilation_12hr,Rainfall_Max_Rate_12hr,Max_Rain_3hour_Accumilation_12hr,NOAA_Max_Rain_Accumilation_12hr,R34_Sum_Hurricane_Building_Value_12hr,R34_Mean_Hurricane_Historic_Loss_Ratio_Building_12hr,R34_Mean_Risk_Score_12hr,R34_Mean_Percent_Not_Resistant_12hr,R34_Mean_Building_Year_12hr,R34_Sum_PresentDay_Building_Density_12hr,R34_Sum_Past_Building_Density_12hr,R34_Sum_PresentDay_Population_Density_12hr,R34_Sum_Past_Population_Density_12hr,R34_Sum_Past_Housing_Units_12hr,R34_Sum_Present_Housing_Units_12hr,R34_Sum_LitPOP_Exposure_Value_12hr,GDP_Per_State_12hr,LitPOP_Percent_Damage_12hr,Mean_Percent_Damage_12hr,GHSL_Percent_Damage_12hr,Year_Name_Landfall_Marker,R34_Sum_Hurricane_Building_Value_Fullhr,R34_Mean_Hurricane_Historic_Loss_Ratio_Building_Fullhr,R34_Mean_Risk_Score_Fullhr,R34_Mean_Percent_Not_Resistant_Fullhr,R34_Mean_Building_Year_Fullhr,R34_Sum_PresentDay_Building_Density_Fullhr,R34_Sum_Past_Building_Density_Fullhr,R34_Sum_PresentDay_Population_Density_Fullhr,R34_Sum_Past_Population_Density_Fullhr,R34_Sum_Past_Housing_Units_Fullhr,R34_Sum_Present_Housing_Units_Fullhr,R34_Sum_LitPOP_Exposure_Value_Fullhr,LitPOP_Percent_Damage_Fullhr,Mean_Percent_Damage_Fullhr,GHSL_Percent_Damage_Fullhr,USA_R50_NE_R50,R50_Sum_Hurricane_Building_Value_R50,R50_Mean_Hurricane_Historic_Loss_Ratio_Building_R50,R50_Mean_Risk_Score_R50,R50_Mean_Percent_Not_Resistant_R50,R50_Mean_Building_Year_R50,R50_Sum_PresentDay_Building_Density_R50,R50_Sum_Past_Building_Density_R50,R50_Sum_PresentDay_Population_Density_R50,R50_Sum_Past_Population_Density_R50,R50_Sum_Past_Housing_Units_R50,R50_Sum_Present_Housing_Units_R50,R50_Sum_LitPOP_Exposure_Value_R50,LitPOP_Percent_Damage_R50,Mean_Percent_Damage_R50,GHSL_Percent_Damage_R50,USA_R64_NE_R64,R64_Sum_Hurricane_Building_Value_R64,R64_Mean_Hurricane_Historic_Loss_Ratio_Building_R64,R64_Mean_Risk_Score_R64,R64_Mean_Percent_Not_Resistant_R64,R64_Mean_Building_Year_R64,R64_Sum_PresentDay_Building_Density_R64,R64_Sum_Past_Building_Density_R64,R64_Sum_PresentDay_Population_Density_R64,R64_Sum_Past_Population_Density_R64,R64_Sum_Past_Housing_Units_R64,R64_Sum_Present_Housing_Units_R64,R64_Sum_LitPOP_Exposure_Value_R64,LitPOP_Percent_Damage_R64,Mean_Percent_Damage_R64,GHSL_Percent_Damage_R64
1979_BOB,Pre - 1st Max Landfall,0.2144564618426597,0.02,65,986,131.4255814564005,21.10746979597731,17,1.077,1,108.9375,66.0,95851.25,7.16,1119450215320.507,70.4990290562689,70.4990290562689,0.6234567901234568,1980.236490101659,75343563,42151188,14706781,13695908,1753437.111111111,2788589,1830583967396,90780.55,15872698600.79005,0.005051808040389984,303718.6145011329,1979_BOBPre - 1st Max Landfall,8437204647832.501,47.08999995428789,47.08999995428789,0.6439024390243903,1975.567881944444,878669770,486312309,184380262,160615965,12586187.66666667,19056417,21920108008819,16007695015.6437,0.001165801855474612,307423.9295970094,128.5461155175543,486991159423.2949,73.54108430824446,73.54108430824446,0.4827586206896552,1976.316279069767,11785151,7222705,2442629,2551134,845324.2222222222,1268067,340583592951,1848956340.950889,0.005051808040389984,35893.0138941775,130.1496423809523,538728658115.8106,74.56034096007178,74.56034096007178,0.673469387755102,1977.270899470899,17900658,10417930,3586275,3515650,911698.6666666667,1393739,458009162539,1150375798.279571,0.005051808040389984,21297.04945844516
1979_DAVID,Pre - 1st Max Landfall,1.715651694741277,0.16,85,973,146.9498597763347,15.24804113546726,11,0.883,2,115.9375,49.4375,17825.125,15.45,2697650605888.862,96.4894571556752,96.4894571556752,0.0,1984.254623044097,184696627,101654332,50946003,36097941,4874459.111111111,8316535,7698018192356,428595.6,771455215876.8672,0.1002147821166502,10187266.77494381,1979_DAVIDPre - 1st Max Landfall,2856134115716.791,96.55159870503074,96.55159870503074,0.0,1984.018935978359,186628513,102595458,51393441,36391830,5133832.777777778,8753865,7743326551203,775995783186.8445,0.1002147821166502,10281581.42477427,148.5746936563436,1085847805944.737,96.62404665769404,96.62404665769404,0.0,1984.79060665362,28886650,15974923,7656153,5536497,1883213.444444444,3163622,1168350126022,117085953315.1385,0.1002147821166502,1600923.399992654,144.4062410533911,458617458870.194,97.59982054733064,97.59982054733064,0.0,1986.443410852713,14437816,7351227,3484225,2351761,785130.2222222222,1339483,505991046590,50707782487.10144,0.1002147821166502,736701.5052758281
1979_DAVID,Pre - 2nd Max Landfall,1.715651694741277,0.16,83,970,100.5152388082505,13.99213599697109,13,1.076,1,210.625,69.375,141144.6875,15.45,2698795047847.597,78.36221399730822,78.36221399730822,0.04363636363636364,1985.990280777538,130425280,68000917,29437853,21494283,3447504.666666666,6548927,3385902295200,184417.5,108699672563.0371,0.04325904181024743,2095077.310419593,1979_DAVIDPre - 2nd Max Landfall,17845048518595.07,69.876756667128,69.876756667128,0.3906666666666667,1970.819366531458,1196573248,677776544,302165561,248073356,28073219.88888889,39965214,35864263509815,128752380344.9386,0.01287467027422873,2493909.932810176,105.6189221611722,853272121687.1056,87.37913194543876,87.37913194543876,0.0,1984.326582278481,26176091,13424085,5845030,4225160,1122461.777777778,2094064,684808113023,28982932382.87321,0.04325904181024743,513344.5204727957,100.7532673160174,343409406295.5587,90.22763180993621,90.22763180993621,0.0,1987.422619047619,4211359,2111429,825629,622899,407391.6666666666,823440,94088592149,4273275391.948892,0.04325904181024743,80567.40010993554
1980_ALLEN,Pre - 1st Max Landfall,4.598724977703298,0.4866666666666667,100,945,186.900206232493,12.56388794812097,7,2.778,3,325.875,87.0625,84942.125,20.2,2409200244810.524,62.51894878515265,62.51894878515265,1.0,1987.409155530281,212057647,92592806,38113968,25048081,2911880.0,6138825,5334359746177,648243.1,403756825100.5834,0.0950982993996937,7438224.979470162,1980_ALLENPre - 1st Max Landfall,2410357859613.524,61.96164199192463,61.96164199192463,1.0,1987.399261153737,210960811,92105183,38180015,25126762,2913281.0,6140501,5370040367878,400562945440.7787,0.0950982993996937,7294314.060124372,185.848704978355,302636782590.9732,77.1245070954641,77.1245070954641,1.0,1988.58361774744,35283119,15358894,8319396,5305463,392246.0,827540,1210271067269,143048742380.3971,0.0950982993996937,1749875.69574277,177.0770318181818,222852728168.8801,80.9854942425602,80.9854942425602,1.0,1991.022075055188,13928816,5822564,3942399,2337936,257613.0,613413,561377304458,74281558160.71146,0.0950982993996937,771635.7066071519
1982_CHRIS,Pre - 1st Max Landfall,0.01628807536702857,0.002,53,996,82.51711815684315,18.78543029061062,8,0.593,0,152.75,60.5,54971.5,16.0,1625894128746.368,80.22562434574547,80.22562434574547,0.5888888888888889,1985.0440845704,51895405,28295369,11849302,9341951,1844745.666666667,3782462,1591566063599,120228.8,8713348543.052685,0.002653746003206878,127432.3674629069,1982_CHRISPre - 1st Max Landfall,2332115774361.999,58.39416058394161,58.39416058394161,0.5728155339805825,1983.344247521778,114085624,64527525,22581825,19422749,2896220.222222222,5547060,2772888495880,8676441292.34893,0.001326873001603439,125452.0364614751,87.41671291486288,236999397311.7136,82.74170031404218,82.74170031404218,0.6818181818181818,1982.962864721485,4949398,2902684,750972,740583,329246.7777777778,603743,102556359770,592039995.0488867,0.002653746003206878,15365.09635182194,84.60737813852812,300153137679.1382,75.56968487492458,75.56968487492458,0.5,1980.802127659575,7354935,4165272,1093462,1062826,438067.5555555556,746507,117657980315,413588886.3712308,0.002653746003206878,11269.52597728782
1983_ALICIA,Pre - 1st Max Landfall,21.97850510163727,2.8,100,963,138.423925818761,10.0,9,1.891,3,185.4375,60.8125,50739.25,9.5,2074337169731.329,81.70902277465495,81.70902277465495,0.9171597633136095,1987.606701940035,144167598,69229017,42662872,28052075,2117588.0,4955369,6389913542104,648243.1,607631956430.9285,0.07092306413075347,6800307.721061275,1983_ALICIAPre - 1st Max Landfall,3758279540667.318,52.30258749774227,52.30258749774227,0.9247311827956989,1983.569851095868,301900154,157407557,79521240,54374526,4874793.333333332,10178828,11703125308859,612340773934.1139,0.01702156897612396,6848559.042032544,138.6624115482556,1302385033410.018,85.07782034026987,85.07782034026987,1.0,1986.153217011996,73270895,35592495,26191142,16322071,1411074.666666667,3165875,4184124379552,411399701281.9467,0.07092306413075347,3653554.628698377,136.6169278041359,1218674654217.261,84.08302047177162,84.08302047177162,1.0,1986.535169988277,37641522,18605660,13816314,8736638,1294012.0,2954212,2253632086432,203470058248.7511,0.07092306413075347,1833301.924007778
1984_DIANA,Pre - 1st Max Landfall,0.4810867733154342,0.065,74,983,98.83517647907647,15.0,3,0.42,1,153.1875,52.9375,30534.625,18.96,977657814899.3046,91.77909814091412,91.77909814091412,0.6686746987951807,1988.279434850863,70544477,38576656,14024300,10050147,926123.9999999999,2386420,1454790577530,246721.8,24504512844.97087,0.01703331951754607,663922.5578959193,1984_DIANAPre - 1st Max Landfall,1329351563010.073,89.55978785252924,89.55978785252924,0.8312020460358056,1987.398656898657,162599010,88367965,34347064,24153276,1235276.777777778,3046157,3651788544217,26796541545.53709,0.00920390476497437,733231.898006486,102.5862458208458,281537689177.0076,96.09316584417526,96.09316584417526,0.8163265306122449,1988.337662337662,16621527,8649775,3190958,1953652,289687.1111111111,749387,317819096634,8190908601.897355,0.01703331951754607,188105.8939207296,102.5957435786436,275509077326.0599,96.47212365920306,96.47212365920306,0.8378378378378378,1988.416445623342,7135047,3983233,1155702,739586,282090.3333333334,735047,77132782031,1135273694.756371,0.01703331951754607,51000.07496786809
1985_BOB,Pre - 1st Max Landfall,0.1579708524938097,0.0225,65,1003,77.95555083015537,20.0,13,0.521,1,149.3125,58.4375,97059.375,21.5,2963095705918.328,73.75186326864355,73.75186326864355,0.2195121951219512,1985.227461139896,145975098,83688874,32815825,24065769,3000092.444444444,6886225,3834253700768,194326.7666666667,12014998033.80655,0.006119290331736026,239300.9050885695,1985_BOBPre - 1st Max Landfall,4120524272760.748,68.66756393001346,68.66756393001346,0.2443181818181818,1983.921481481482,201910513,117794183,45356931,33698897,4311317.888888887,9479264,5035280473545,13018544360.90299,0.00458946774880202,256388.2040478952,77.94926115445506,1053590440447.807,82.71646478241364,82.71646478241364,0.06451612903225806,1986.785870356883,11257579,6481280,2732516,1836848,964080.3333333331,2390369,330260155215,1928172061.931993,0.006119290331736026,38902.65613070547,78.39941709235207,1623803586951.75,74.70086100407455,74.70086100407455,0.2105263157894737,1984.931688804554,40772964,23252067,9549487,6692932,1626139.444444444,3660929,1187071671394,1066431200.623034,0.006119290331736026,19657.57272532929
1985_DANNY,Pre - 1st Max Landfall,0.3510463388751327,0.05,80,987,87.46403322510815,15.0,9,1.462,1,112.3125,46.0625,75999.75,9.8,758541296592.7278,74.16599371915657,74.16599371915657,0.2323232323232323,1981.29904097646,48897723,28957780,8573246,7863493,967062.4444444444,1812451,983383158733,120228.8,20029208255.69375,0.02208580107664581,535949.1205653733,1985_DANNYPre - 1st Max Landfall,6289905629768.609,58.8762807354418,58.8762807354418,0.4948979591836735,1984.508468757153,532896044,313415296,110006448,86826529,6817800.999999999,14848338,11954749249851,21479204676.1067,0.005096755618402037,579141.8445691102,84.68084343989337,214605066365.4843,77.7884594842872,77.7884594842872,0.0,1982.797058823529,4354185,2605942,725455,684913,275771.2222222221,537141,70018719004,1545995820.140181,0.02208580107664581,51268.94555744054,85.84941796536796,191149683333.5489,74.18987472823274,74.18987472823274,0.0,1981.241486068111,4256233,2721027,774079,739476,261836.4444444444,484458,73141268699,299472349.890831,0.02208580107664581,15090.6640234583
1985_ELENA,Pre - 1st Max Landfall,8.600635302440752,1.225,100,959,116.9586453714307,10.0,19,1.942,3,129.1875,64.375,51994.625,15.67,1214512031438.306,77.77876533177582,77.77876533177582,0.569060773480663,1980.342611336032,89289490,54182459,17731191,16445612,1596820.666666666,3075059,2250124804914,90780.55,178402439431.1716,0.05181195599523647,4032315.671537049,1985_ELENAPre - 1st Max Landfall,2585992470502.492,45.48437370549441,45.48437370549441,0.5578947368421052,1980.096184004182,232102761,141552314,42171788,36924514,3251479.444444444,6172268,4861760381253,181207227220.9037,0.0163616703142852,4192842.122535626,114.2342683150183,682238371427.4183,81.0735951001619,81.0735951001619,0.6923076923076923,1978.561151079137,17056745,10589211,3416194,3316601,900384.8888888886,1692994,427909332758,52260240607.40461,0.05181195599523647,1178818.124881626,116.8631954448287,402545800044.5672,76.13696829321732,76.13696829321732,0.7037037037037037,1982.845029239766,8006016,4822862,1509564,1348097,508423.5555555554,1012058,154382151477,13651273740.16162,0.05181195599523647,342399.6996670217
1985_GLORIA,Pre - 1st Max Landfall,4.446586959085014,0.6333333333333334,77,959,234.7965929824561,21.21254953164611,36,1.651,1,132.3125,96.9375,117880.375,9.7,11457517112335.45,78.38672050246747,78.38672050246747,0.7041420118343196,1964.910993303571,609803467,415527264,168198572,153755742,17323883.33333333,24740478,22726554774224,72819.90000000001,1061673934952.541,0.02884025158744485,16677421.64956985,1985_GLORIAPre - 1st Max Landfall,11563819193465.58,78.0390431751252,78.0390431751252,0.6851851851851852,1964.863012749446,584495071,397529769,162673744,148558643,17436732.66666666,24884630,22065214344798,1069593485167.927,0.02884025158744485,16916307.3347107,238.2143642426201,8160536733793.51,82.9814025206314,82.9814025206314,0.6470588235294118,1961.815064420218,156394285,112690474,63584505,59419879,12915459.55555555,17444578,9552566970422,549724244927.3049,0.02884025158744485,6034245.623035442,251.3124880952382,5912345276737.434,84.90666757528777,84.90666757528777,0.6111111111111112,1961.124693376942,64147145,47180401,26443971,24648527,9408328.444444442,12560238,3944101524815,235493747874.4428,0.02884025158744485,2436665.693991187
1985_JUAN,Pre - 1st Max Landfall,10.53139016625398,1.5,67,974,111.3793766317017,15.0,8,1.764,1,109.25,44.8125,76260.5,17.78,694649859840.2992,84.84163301929117,84.84163301929117,0.1437125748502994,1978.208041958042,92988820,54398526,18172326,16584068,964374.0000000001,1740666,2528181362306,120228.8,51904622222.32896,0.01956442158805048,1096400.08448133,1985_JUANPre - 1st Max Landfall,716988496356.3557,83.8884130674171,83.8884130674171,0.1776061776061776,1978.349829351536,142424298,82928194,27476802,24679886,988587.0,1790709,3758592438644,63667875619.06744,0.01603241001000249,1375966.469848691,106.7598552441023,362801376091.1198,90.24899057873486,90.24899057873486,0.0,1984.601677148847,22117753,12458425,3989818,3414022,380114.9999999999,795455,559641664853,10362411316.65718,0.01956442158805048,226846.6169672403,110.4904138528139,164402893701.2815,91.46909617972875,91.46909617972875,0.0,1984.678571428571,7086946,3890277,1339761,1115984,189736.5555555555,395379,175946862744,2684157424.383496,0.01956442158805048,60275.92739843064
1985_KATE,Pre - 1st Max Landfall,2.106278033250796,0.3,85,967,114.4546491232343,10.0,13,1.999,2,148.0625,96.25,122280.0,8.32,1484664339237.947,79.01469268730372,79.01469268730372,0.1538461538461539,1984.758991125642,69366285,41084244,14106884,11275296,1593948.444444444,3663424,1469370978061,346871.0,53193244682.63327,0.04375196264084559,1633522.382340385,1985_KATEPre - 1st Max Landfall,1998880992940.371,79.9621867589566,79.9621867589566,0.1610738255033557,1985.404886561955,108823581,63663946,22625680,17719404,2113497.0,4965203,2454918282069,58222308036.7295,0.03324083513903769,1774804.234780003,116.4608522408963,402717673377.5367,82.65834658836005,82.65834658836005,0.02083333333333333,1985.45145631068,10323591,6241637,2083719,1665579,439887.5555555556,999420,192161944433,9920813677.828022,0.04375196264084559,332524.7533330765,117.0875430999512,249538908295.015,83.60538818143125,83.60538818143125,0.0,1986.711734693878,3362401,2066588,646234,511887,269773.8888888889,631827,55186491277,2784626034.783968,0.04375196264084559,100462.1425683845
1986_BONNIE,Pre - 1st Max Landfall,0.1448818872557152,0.022,75,991,73.86211674641144,10.0,11,0.404,1,115.0,68.5,34952.375,13.0,1426824835893.563,81.55332119388805,81.55332119388805,0.8524590163934426,1984.334867075665,40170438,23136544,9672380,7148650,2412556.111111111,3315236,1463034263728,648243.1,41197750410.12689,0.01375546426240397,589483.8081990303,1986_BONNIEPre - 1st Max Landfall,2317022388331.91,45.46354207901195,45.46354207901195,0.8615384615384616,1983.458641975309,100985144,60201185,19083497,15191917,4174224.444444444,5433248,2217602568756,34454942661.37791,0.004585154754134656,525725.1801792047,73.52694921059329,325270785385.2951,82.52933815022078,82.52933815022078,0.9130434782608695,1983.419889502763,5531340,3459163,878972,794005,454229.2222222222,586590,106172994709,2810211262.595031,0.01375546426240397,84947.06012602606,72.71003284493285,328276325770.2951,82.84338032159808,82.84338032159808,1.0,1983.32970027248,4299433,2640687,723693,636664,463671.5555555556,597075,70529053707,856852512.0709283,0.01375546426240397,22067.70551113521
1986_CHARLEY,Pre - 1st Max Landfall,0.09878310494707854,0.015,65,991,68.59095951956537,15.0,9,0.521,1,80.3125,44.5625,44150.375,8.61,372151493323.4135,91.21943696724989,91.21943696724989,1.0,1985.081280788177,13534420,7449978,2540469,1925441,575849.2222222222,730154,243705447618,246721.8,5947073525.950532,0.02440271066597751,181799.6439701725,1986_CHARLEYPre - 1st Max Landfall,402231378566.9238,90.99701791887684,90.99701791887684,1.0,1984.743764172336,15015957,8229726,2834020,2149190,628039.4444444444,790773,250348673531,6109186245.804109,0.02440271066597751,200827.6182814201,72.54156295084002,102330003841.7423,94.19225906439904,94.19225906439904,1.0,1987.020833333333,2822420,1601517,440366,358013,209953.1111111111,275298,31201721686,761406586.5960822,0.02440271066597751,39081.37321021904,69.82585606060603,64552393126.87962,94.4874383131449,94.4874383131449,1.0,1985.065217391304,752160,462009,114882,94769,142858.8888888889,174990,9218674871,224960655.5794005,0.02440271066597751,11274.26608042785
1987_FLOYD,Closest Bypasser,0.004653744912059124,0.00075,65,993,92.64388997449058,10.0,16,0.759,1,23.6875,23.6875,3730.4375,10.07,932997654777.5509,98.60176461791536,98.60176461791536,0.0,1980.869729389553,16361044,11573266,5588391,4574542,2460800.333333333,2942277,968271717017,176410.1745098039,23628454556.42633,0.02440271066597751,282419.0604102773,1987_FLOYDClosest Bypasser,932997654777.5509,98.60176461791536,98.60176461791536,0.0,1980.869729389553,17084097,12006107,5758434,4693291,2460800.333333333,2942277,977109825431,23844128358.87548,0.02440271066597751,292981.5433798763,92.09491125188532,337643070037.522,98.94571556751907,98.94571556751907,0.0,1977.749299719888,2825195,1889556,692758,572489,934921.6666666666,1129312,130519975891,3185041207.787727,0.02440271066597751,46110.27700592129,89.11951538461537,337643070037.522,98.94571556751907,98.94571556751907,0.0,1977.749299719888,340448,210072,78216,70559,934921.6666666666,1129312,21591854087,526899768.0261251,0.02440271066597751,5126.332036547905
1988_FLORENCE,Pre - 1st Max Landfall,0.06679349789453283,0.01146,70,983,104.7897385364635,15.0,12,1.491,1,121.625,48.0,46435.75,10.67,666343552598.5535,85.81010843755813,85.81010843755813,0.3176470588235294,1978.572338489536,44190358,27465502,9277231,9336948,1275940.666666667,1662708,1427486321264,90780.55,23502744054.07632,0.01421692782189597,450128.0749566978,1988_FLORENCEPre - 1st Max Landfall,1122158514305.448,69.17900403768506,69.17900403768506,0.3628318584070797,1978.648648648649,82528920,52076772,16394056,16193174,2159229.0,2721901,2235025729990,23557267473.98715,0.006561658994721216,456566.0249958154,107.6648362970363,319273016985.632,84.42286739729539,84.42286739729539,0.05263157894736842,1972.684981684982,7478408,5412096,1607314,2080381,652604.2222222221,805593,259913184339,1654293100.712806,0.01421692782189597,35997.51360828467,107.3653948051948,324526391693.7125,83.7735531628533,83.7735531628533,0.15,1972.741818181818,6211882,4089082,1415670,1546543,660707.9999999999,813922,249915468583,398007269.4335875,0.01421692782189597,7841.280376878182
1989_CHANTAL,Pre - 1st Max Landfall,0.5507869907869908,0.1,70,984,92.54649567932067,15.0,9,0.914,1,201.1875,91.5625,52179.6875,20.0,1557994911971.736,82.89152866366278,82.89152866366278,0.9081632653061225,1985.953266787659,98095572,54981516,31951256,20577286,2487921.333333333,3790182,4923066433820,648243.1,76906132958.44273,0.009972362858151462,860850.2218745501,1989_CHANTALPre - 1st Max Landfall,3109332886472.545,57.5794796743718,57.5794796743718,0.9181818181818182,1985.830466274332,189671376,112293170,56244434,37367002,5028842.888888888,7604125,8444887001340,76809383573.03429,0.004602629011454521,858258.2896419403,90.06071963036962,1135571348240.7,83.8022602490974,83.8022602490974,0.9655172413793104,1985.371954842543,16644254,9281699,4355330,2939617,1884545.555555556,2842641,685809133766,11469696051.00194,0.009972362858151462,175642.4060823705,93.45868369408365,1056157927425.232,81.79801605104431,81.79801605104431,1.0,1985.064803049555,9281047,4356264,2692639,1597042,1757799.0,2643745,393532283039,1456637729.572598,0.009972362858151462,20459.1882161428
1989_HUGO,Pre - 1st Max Landfall,42.96138528138527,7.8,120,934,151.700027136752,20.0,21,3.58,4,168.25,110.75,155631.75,10.28,4761385697792.64,57.38325837288706,57.38325837288706,0.2801932367149759,1983.353030997099,281146262,180744155,60005543,46355029,8388581.0,11366509,6468213171473,155809.8,438769282060.6291,0.08270593577038339,10797669.82060011,1989_HUGOPre - 1st Max Landfall,6740237279803.328,57.00529034366942,57.00529034366942,0.2836538461538461,1977.836592785745,330694077,214160770,70379913,56882003,12225850.55555555,15798372,7814748640418,461366032409.288,0.07089847819557873,11477785.76333322,157.7805333333332,2154748914249.802,69.89525425712446,69.89525425712446,0.1168831168831169,1984.110616438356,61744069,38625427,13661226,10131598,3681508.888888889,5077668,1555162037762,144006508342.4978,0.08270593577038339,3167149.349497818,164.7331269841269,1535775197609.456,60.88111260655002,60.88111260655002,0.0,1983.291490362012,25210199,16166801,5949529,4600786,2647452.333333333,3588862,677296679703,69540696054.49077,0.08270593577038339,1213308.198166047
1989_JERRY,Pre - 1st Max Landfall,0.3855508935508935,0.07,75,983,89.69367388926858,10.0,11,0.6880000000000001,1,85.4375,66.25,20871.4375,6.71,1683568881522.916,82.43378104943189,82.43378104943189,0.9285714285714286,1985.304715302491,87832354,49664044,27710454,17997978,2573887.222222222,3859703,4278279838182,648243.1,152397113033.9423,0.01991951103103399,1689384.300797611,1989_JERRYPre - 1st Max Landfall,1951783079187.854,67.96625132056904,67.96625132056904,0.9090909090909091,1984.881221719457,122114511,71490218,36330973,24372079,3059455.111111111,4484496,5476237473113,152781771179.8812,0.0149396332732755,1706034.553580309,90.15085159154566,1350459047008.549,86.3371263102084,86.3371263102084,1.0,1985.797077009556,32861212,20790762,10982783,7193733,2001213.111111111,3076839,1771167545847,55818846568.22021,0.01991951103103399,674050.3945145778,89.30136162521684,1175458561375.112,83.82009869896815,83.82009869896815,1.0,1985.316856780735,11541449,7376723,2956172,2074614,1788759.666666667,2688022,470554898541,11561744105.28517,0.01991951103103399,186926.0872766703
1991_BOB,Pre - 1st Max Landfall,7.677690212906421,1.5,60,977,157.2140559049137,25.0,24,1.384,0,67.0625,61.25,32520.75,8.24,2154125501111.633,80.37468479757429,80.37468479757429,0.9545454545454546,1964.389762340037,55984229,43490841,12603885,11694092,4354313.666666666,5124617,1258951426440,32412.8,17589659179.38427,0.009360726528045316,551889.6400959429,1991_BOBPre - 1st Max Landfall,1871960016913.102,80.39967230382118,80.39967230382118,0.9230769230769231,1964.362360709864,48677038,37943821,11200557,10348001,3816587.333333333,4508115,1128996755570,15756537985.02585,0.009360726528045316,475525.5834160211,149.3519151667047,282747038865.6242,81.454688200987,81.454688200987,0.0,1972.27,7500775,6111753,1407518,1289276,595335.6666666666,741803,75648962209,1009967224.591179,0.009360726528045316,76955.17811035244,162.3522287309182,271954011157.053,82.5834775363712,82.5834775363712,0.0,1972.075916230367,5187191,4233142,981147,901235,566226.0,706134,59378760529,781454710.3796868,0.009360726528045316,50444.66635609403
1992_ANDREW,Pre - 1st Max Landfall,127.7894559591908,26.0,145,922,152.7199985626838,10.0,17,0.26,5,63.4375,60.9375,8318.9375,13.98,1783299643698.586,97.16689098250336,97.16689098250336,0.0,1983.86590830748,68453452,44211059,18681337,14027810,3858284.555555556,5568015,2918024616770,428595.6,1219425377807.916,0.42152497134717,18406747.64827203,1992_ANDREWPre - 1st Max Landfall,1783299643698.586,97.16689098250336,97.16689098250336,0.0,1983.86590830748,68077505,44010731,18650451,13997268,3858284.555555556,5568015,2918748264246,1218798760044.396,0.42152497134717,18235019.23604813,140.8158539724981,1090008574643.322,97.44778425801306,97.44778425801306,0.0,1982.460334592553,35817226,25453931,11946731,9544850,2527234.777777778,3480077,2047138279629,868621142676.2987,0.42152497134717,10705381.85582015,149.666230708911,694433924025.8953,98.3490354419022,98.3490354419022,0.0,1979.673123486683,12879253,9603051,4666199,3867484,1693856.555555556,2233974,782984683544,409752900518.6097,0.42152497134717,4963891.371506139
1992_ANDREW,Pre - 2nd Max Landfall,4.914979075353489,1.0,120,955,129.8486257048399,9.32261578620261,10,1.457,4,228.0625,70.625,94942.8125,13.98,749123654812.228,83.80439659039928,83.80439659039928,0.196319018404908,1979.120993589744,86941930,55021926,17152505,15732278,1334745.111111111,1869969,2354532898757,90780.55,330250228224.9932,0.1042727909751308,7569708.618309214,1992_ANDREWPre - 2nd Max Landfall,2318345174739.376,63.04051489112054,63.04051489112054,0.384297520661157,1982.014005602241,164994254,106961184,31353695,28191744,4080221.666666667,5801228,3777424786604,337983517940.5553,0.03680221090996251,7794350.772985439,127.8811888098829,335342807819.5812,86.31112606550022,86.31112606550022,0.01639344262295082,1984.372767857143,23970598,14507932,4709369,3992562,496357.6666666667,740630,674487872804,86374664129.24954,0.1042727909751308,1915720.864970195,131.1611559787391,174515436779.4988,84.97333133941478,84.97333133941478,0.03846153846153846,1984.277566539924,4604484,2862253,779752,698964,282666.4444444444,421313,104545615230,10894293893.2262,0.1042727909751308,314457.7234383473
1995_ERIN,Pre - 1st Max Landfall,1.476326851556689,0.35,75,982,153.3375426406927,40.0,19,0.6890000000000001,1,119.8125,87.1875,7925.625,10.84,2917312532132.394,93.8235321046319,93.8235321046319,0.0,1984.133700440529,181128226,124723805,49854716,35705523,5648394.222222222,8934139,7471630537977,428595.6,408712696196.653,0.05470194144627867,6822634.286345773,1995_ERINPre - 1st Max Landfall,2943138409341.419,92.47522329621926,92.47522329621926,0.0,1984.149836423119,202944243,138467040,55234305,39240001,5691658.999999999,9003290,8200771856966,448598141934.0699,0.05470194144627867,7574415.898295646,165.614047925369,900147927969.2305,96.48197996111858,96.48197996111858,0.0,1986.479266347687,24585086,16432773,6058837,4214970,1572715.333333333,2577836,856350823938,46844052628.53257,0.05470194144627867,898904.6004642367,156.7141428571429,458617458870.194,97.59982054733064,97.59982054733064,0.0,1986.443410852713,7935173,4745366,1817531,1127121,846942.2222222221,1339483,215571719037,11792191552.25723,0.05470194144627867,259580.7107866966
1995_ERIN,Pre - 2nd Max Landfall,1.476326851556689,0.35,79,973,99.31186140407584,12.0,11,1.133,1,155.5,87.1875,85173.3125,10.84,621576499261.7288,85.29318910655833,85.29318910655833,0.8142857142857143,1984.644957983193,39246819,27977865,7203408,6215440,975607.8888888889,1591365,808014314469,86085.55,24061218323.16167,0.01741490104062002,805966.3006071597,1995_ERINPre - 2nd Max Landfall,4424094711783.564,40.49982846436017,40.49982846436017,0.8373493975903614,1976.303574316675,281817772,201040468,55436623,48986876,7190592.777777776,10222250,6713507216137,24942008487.21659,0.004353725260155005,843031.8596505526,98.45771118881117,364161721839.3657,87.52218776210817,87.52218776210817,0.7941176470588235,1983.417910447761,11032087,7590654,2192124,1808958,584944.111111111,948502,273337437812,9793427027.506346,0.01741490104062002,266445.7342961894,97.58830922761453,311153540135.5795,84.20592193808884,84.20592193808884,0.8148148148148148,1982.907488986784,5258505,3795952,1049343,933233,503726.8888888888,801511,117151883400,4328682661.283142,0.01741490104062002,104718.3145804766
1995_OPAL,Pre - 1st Max Landfall,16.95666840930825,4.02,103,941,218.1448111111111,50.0,21,2.214,3,230.375,101.5625,233621.75,19.42,4562508492543.957,62.35745987792065,62.35745987792065,0.6143344709897611,1984.53503375844,370029510,255358925,81772377,63603996,6713744.555555552,10972773,9719773555260,139310.9,446797794379.8593,0.05329233543627754,12843549.54928093,1995_OPALPre - 1st Max Landfall,10637117758831.6,51.34857204046178,51.34857204046178,0.5745341614906833,1975.684262816267,779840988,556178835,163831879,141295084,17354724.77777778,24731775,20191490874069,512855439770.1228,0.02913455925073481,14429340.84489372,220.1314595238096,1313718541721.261,70.21909706008918,70.21909706008918,0.696969696969697,1983.353090172239,47038911,33781255,8646990,7336882,2075220.0,3303822,942710907377,83293994462.0041,0.05329233543627754,2817313.644251247,214.441425091575,1229035146093.711,66.09955021798898,66.09955021798898,0.7254901960784313,1982.930743243243,27991478,19925202,5075196,4215776,1948431.555555556,3085549,535324757481,52236502234.26643,0.05329233543627754,1572705.643198258
1996_FRAN,Pre - 1st Max Landfall,17.40826299162721,4.32,100,954,186.976506060606,40.0,18,2.668,3,284.625,113.5,160115.625,16.0,3747637408386.678,74.6040965097945,74.6040965097945,0.6835164835164835,1985.435597189695,418667476,290300021,95214313,69390961,7988602.555555556,8345241,10843291362968,239645.85,882441467132.513,0.08569879426896988,22618758.96523566,1996_FRANPre - 1st Max Landfall,6786366370225.151,68.45031744089617,68.45031744089617,0.6759656652360515,1976.832899354693,720030026,516051789,156083930,128938403,14739334.77777778,15207298,17779819401818,973766246086.8248,0.03213710032702483,25567844.89938684,194.7103216931217,1490625237822.231,87.41100513000566,87.41100513000566,0.75,1986.216606498195,91289355,61465541,20187942,13977606,3411839.111111111,3608422,2197548165267,187936159149.5964,0.08569879426896988,5899813.274687751,191.0989587301588,904863202026.2592,86.41221198421736,86.41221198421736,0.8679245283018868,1988.541702493551,25816491,16694540,5858832,3750205,2072565.555555556,2219192,650968645927,55090959363.19327,0.08569879426896988,1715093.232165007
1997_DANNY,Pre - 1st Max Landfall,0.3833807855302349,0.1,65,992,80.19874076814133,10.0,4,0.473,1,75.75,42.5625,3714.625,37.75,297996913671.39,95.84641842380739,95.84641842380739,0.1666666666666667,1975.688245315162,14059305,10616856,2918009,3300586,761924.9999999999,801162,498495491414,120228.8,12164641245.26508,0.02440271066597751,259080.0745835882,1997_DANNYPre - 1st Max Landfall,297996913671.39,95.84641842380739,95.84641842380739,0.1666666666666667,1975.688245315162,13584524,10318925,2844809,3246630,761924.9999999999,801162,495242121398,12085250198.07527,0.02440271066597751,251809.7555965087,81.21462705275111,163091882141.9808,96.32122027815164,96.32122027815164,0.0,1966.603217158177,873361,623250,81624,92651,474179.0,485721,9787401437,238839125.4388787,0.02440271066597751,15208.98186025579,80.47598363858361,83001595085.99556,95.09496037086885,95.09496037086885,0.0,1974.9875,192812,144150,10476,13297,240532.0,244408,774815321,18907594.1180452,0.02440271066597751,3517.666824203206
1998_BONNIE,Pre - 1st Max Landfall,3.580089216390032,0.985,95,964,228.789,60.0,6,1.85,2,171.0625,45.875,38902.6875,14.61,3841715631467.656,79.2479558966773,79.2479558966773,0.683111954459203,1985.878928496098,468041440,325900687,107530346,79287773,7756903.0,8490147,12329453572792,246721.8,967035728492.8905,0.07283796214444177,25508027.02803194,1998_BONNIEPre - 1st Max Landfall,4429621907161.741,79.58479801163413,79.58479801163413,0.7004341534008683,1985.479185602618,622561383,434245081,146580621,108658429,9029895.222222224,9856982,17002690075595,1081160867996.436,0.06018713071342206,28305883.78502731,232.0285047619047,887121148626.4736,92.51565334425653,92.51565334425653,0.9428571428571428,1988.437285223368,61261836,41624078,11641498,8537499,1964924.333333333,2183689,1129854905725,107080018756.5087,0.07283796214444177,3750656.83904644,221.3266666666667,429982701718.5476,94.67163612520275,94.67163612520275,0.9878048780487805,1987.574137931035,24135073,16089804,4491195,3243401,1033364.0,1133050,416183505665,36250553264.26093,0.07283796214444177,1359390.264022163
1998_EARL,Pre - 1st Max Landfall,0.2871340589795051,0.079,75,986,183.4733,70.0,12,2.072,1,147.3125,114.25,143078.5625,16.36,1643196934710.067,78.38067578097329,78.38067578097329,0.3178571428571428,1982.489515821578,106085911,75753056,20974306,17509855,3904107.0,4170365,2204947377918,346871.0,55140370924.94799,0.01763026025627483,1875978.168984646,1998_EARLPre - 1st Max Landfall,5722072447478.407,79.24145310291982,79.24145310291982,0.4287634408602151,1985.132810491129,419492639,289418277,92659833,69408889,12156538.11111111,13192038,10453417605842,75586683044.93466,0.009305359419396206,2427487.729041843,178.1880875457876,301486547040.1687,84.61577901685574,84.61577901685574,0.03225806451612903,1985.597826086957,6069860,4387185,1023275,814784,760541.4444444445,807798,96804235766,4007825794.316406,0.01763026025627483,163922.2885851384,173.2846880952382,553726492202.9252,80.21075492475224,80.21075492475224,0.0625,1985.862604540024,17755270,12845519,3392237,2759938,1308908.333333333,1394675,328023524124,5204631266.031564,0.01763026025627483,201637.4617650707
1998_GEORGES,Pre - 1st Max Landfall,11.34906454637348,3.1225,90,964,247.6278142857144,80.0,7,2.35,2,305.4375,126.9375,112908.1875,38.46,2220802907181.276,74.05166474395949,74.05166474395949,0.5476190476190477,1981.301998311286,331479823,239172630,63432680,57838394,5220466.11111111,5597343,7670511479792,61332.3,513130241041.3471,0.06050957155210333,16066739.04943119,1998_GEORGESPre - 1st Max Landfall,2838487295942.776,76.80073915820688,76.80073915820688,0.5385252692626347,1982.325586592179,524614008,375005556,101681062,89304287,6909643.333333333,7391179,11890884768883,481283786628.5066,0.0151814949829534,15058165.89069519,245.3066547619047,804742328487.1759,88.2296230539408,88.2296230539408,0.7541899441340782,1979.749612403101,69616991,49825449,13579757,12738075,1888867.777777778,2034748,1770141548973,156922396861.1646,0.06050957155210333,4362049.633043939,234.6321582972583,333706265803.4706,90.73126962763571,90.73126962763571,0.8,1976.501587301587,37606206,26026855,7610178,6700261,838348.7777777778,890244,947558708325,62434895736.0586,0.06050957155210333,1703940.859035112
1999_BRET,Pre - 1st Max Landfall,0.2164953832234538,0.06333333333333334,100,951,143.9188056888909,10.0,5,1.337,3,176.375,65.375,42598.8125,13.18,764440458202.1556,75.94824421876912,75.94824421876912,1.0,1985.945182724252,91162143,63689273,19210956,13141546,1737333.777777778,2024629,2749777137662,683347.4,189291879207.9251,0.07550680798494118,4445235.655387359,1999_BRETPre - 1st Max Landfall,810766161871.4415,75.35061540562155,75.35061540562155,1.0,1986.559968228753,106424628,74496842,21624515,14826039,1816090.111111111,2137959,3058524288369,191875134010.4001,0.04530416875282252,4721434.201140138,141.1892111875053,289652328946.6313,83.11542652054092,83.11542652054092,1.0,1988.625222024867,21032051,14731700,6006029,4035253,698131.8888888889,794800,884139489948,118044477143.3673,0.07550680798494118,1940578.55823811,140.5998553675855,276186216281.8418,83.70345446388515,83.70345446388515,1.0,1988.781885397412,803695,643682,144062,133750,666519.8888888889,759066,24684579939,3305622614.121468,0.07550680798494118,65695.7327204878
1999_FLOYD,Pre - 1st Max Landfall,21.19375856819074,6.2,90,956,176.0347179653679,35.0,18,1.739,2,300.0625,245.875,231314.0625,24.06,11550954926716.3,81.50480656638761,81.50480656638761,0.7076167076167076,1970.577970730341,518902015,414862651,158436435,129765820,23055460.55555556,24675938,21617705644526,283354.0,599290645525.957,0.04884041526138878,14529612.5509483,1999_FLOYDPre - 1st Max Landfall,14012625639058.5,80.19632759676894,80.19632759676894,0.7278481012658228,1969.380365999658,1060657794,881994540,336838663,294867494,28658450.88888888,30558299,45482775731257,669362825051.7391,0.02565463034546275,15850242.39470111,181.015953968254,3157194720248.489,88.44655380038252,88.44655380038252,0.7962962962962963,1976.784112402054,75266693,59725876,17784365,14567732,6209107.777777778,6764066,2191558760387,92056245232.83272,0.04884041526138878,3176809.399424773,179.4228015873016,1323924207628.91,90.72415340109218,90.72415340109218,0.765625,1979.619333333333,26527637,20807600,6175667,4933255,2589561.222222222,2808897,790481718008,28364087144.13621,0.04884041526138878,863001.3600387599
1999_IRENE,Pre - 1st Max Landfall,1.937063955157218,0.5666666666666667,65,986,182.7726236165795,37.0,6,1.022,1,313.25,119.875,55085.4375,17.45,2697650605888.862,96.4894571556752,96.4894571556752,0.0,1984.254623044097,279741727,220248724,75297263,54317929,7640811.999999999,8316535,11486445318877,457607.0,295228100671.339,0.02647172890723971,5657033.543036918,1999_IRENEPre - 1st Max Landfall,2860098199883.567,95.8081696978063,95.8081696978063,0.0,1984.036887089519,301166730,236293440,80400797,57775002,8055396.333333333,8770748,12132074828341,313302921660.9031,0.02647172890723971,6113792.619246964,191.285391877469,1016782138793.616,96.63934091928708,96.63934091928708,0.0,1981.323837209302,54592609,46626817,17728162,14073325,2992627.444444444,3190326,3023520695637,79700865898.66109,0.02647172890723971,1221306.684510855,183.111980981241,968381364608.5726,97.84096007178107,97.84096007178107,0.0,1981.028031687995,23439184,19728524,7605424,5970224,2852366.444444444,3042366,1337214106336,32915028641.95852,0.02647172890723971,485183.5532970618
2001_ALLISON,Pre - 1st Max Landfall,23.91963039592566,7.875,45,1003,175.0,50.0,8,0.997,0,152.25,101.75,83030.6875,40.68,2744511241924.391,78.5119023342442,78.5119023342442,0.8918918918918919,1986.284503311258,174516760,125784002,52425672,34938319,5353037.666666666,6697599,7699229118661,780206.2,4869528719.928884,0.0003810507175330299,85941.94859680392,2001_ALLISONPre - 1st Max Landfall,2855213276234.513,77.44694718843377,77.44694718843377,0.9531615925058547,1985.974580579563,391673820,280661829,115971357,77275536,5590739.333333332,6963230,16609767280296,4869528719.928884,8.793478096916075e-05,85941.94859680392,175.0,1183667059845.288,89.42911619560341,89.42911619560341,1.0,1986.384242424243,54867036,39709509,19740786,12723544,2306926.888888889,2883676,3205673790414,1762347108.674557,0.0003810507175330299,22450.28321569205,175.0,1395080393234.3,85.9113038565708,85.9113038565708,1.0,1985.910529187125,68165271,48621406,24232003,15565499,2562035.333333333,3175505,3809248610571,1438912648.176834,0.0003810507175330299,18738.9609870103
2001_BARRY,Pre - 1st Max Landfall,0.09112240150828825,0.03,60,991,45.0,15.0,11,0.579,0,134.375,55.75,42585.0,11.7,542311742012.6005,77.78525497233439,77.78525497233439,0.7301587301587301,1983.115853658536,11585594,9384024,1982596,1706377,1194524.555555555,1362448,192085926285,321337.6,1346296157.851089,0.004949465362087498,62864.74585927554,2001_BARRYPre - 1st Max Landfall,1593250127645.591,49.1291122515887,49.1291122515887,0.75,1980.517449375269,102000151,81849964,19736483,17826777,3426469.777777778,3829183,2392236524486,1346296157.851089,0.001649821787362499,62864.74585927554,45.0,210472469143.3315,79.65863208124311,79.65863208124311,0.59375,1987.22418879056,3254037,2644970,514604,447576,517015.4444444443,604415,50488487071,564850091.3934815,0.004949465362087498,25226.51425619176,45.0,196570404259.8513,78.16872823602299,78.16872823602299,0.8275862068965517,1986.899665551839,3131337,2562695,492546,465204,435350.3333333332,511186,47098098011,363004470.466383,0.004949465362087498,14575.87917874265
2001_GABRIELLE,Pre - 1st Max Landfall,0.6986050782302098,0.23,60,983,194.4588330375851,50.0,15,0.9470000000000001,0,152.1875,87.625,35388.8125,15.1,2909503789599.469,93.57200538358008,93.57200538358008,0.0,1984.133995584989,364013713,273419384,95343698,66149383,7833414.22222222,8917851,13384548779811,519140.7,62616335673.68229,0.003726526454085837,1212041.291202029,2001_GABRIELLEPre - 1st Max Landfall,2996460890080.526,91.82729961752248,91.82729961752248,0.0,1984.202268835616,420736311,315367406,109846803,76218778,8044298.11111111,9154380,15385249344347,64543721802.96887,0.003220069086424988,1259291.112136328,203.0362299706177,1624099010026.117,97.02342637564125,97.02342637564125,0.0,1986.19132231405,102285950,73568743,27647160,18518093,4276370.888888888,4961223,3968104763876,10685126776.61348,0.003726526454085837,264006.3816134766,200.6944751178646,1612840746923.489,97.13691422978098,97.13691422978098,0.0,1986.217970049917,82119456,58192935,22404524,14799348,4242570.0,4925040,3282196367381,7062320527.790331,0.003726526454085837,175215.0359527997
2002_FAY,Pre - 1st Max Landfall,0.0130344845702344,0.0045,50,999,120.0,35.0,11,0.9550000000000001,0,142.1875,108.9375,49267.5625,18.49,2075041054162.009,74.73468217020056,74.73468217020056,1.0,1986.097493992448,74745310,53661728,22179596,15103026,4046992.111111111,5220804,3142078176107,796357.3,4331025934.85177,0.001142431281196518,62010.44203679659,2002_FAYPre - 1st Max Landfall,2185629703731.384,74.35938036048874,74.35938036048874,1.0,1986.756302521008,204062191,147303614,57234253,39451129,4249585.11111111,5526245,8047231218636,4331025934.85177,0.0003264089374847195,62010.44203679659,120.0,739720712575.5254,74.96122540537075,74.96122540537075,1.0,1987.384864864865,23295801,16894528,6834286,4828839,1355739.444444444,1810842,996197918062,81286599.42854732,0.001142431281196518,2949.861798846728,120.0,511358151105.6089,74.28293704202183,74.28293704202183,1.0,1984.587976539589,18768410,13735129,5550516,3935610,1016964.888888889,1316479,799676446788,38162104.5639597,0.001142431281196518,2191.338093995817
2002_GUSTAV,Closest Bypasser,0.0002896552126718755,0.0001,55,984,150.0,30.0,8,0.624,0,46.0625,46.0625,3154.25,5.86,585416632265.0817,89.30059237692384,89.30059237692384,0.9761904761904762,1985.811688311688,16534150,13155960,3695224,3119889,917814.0,1087436,455348235298,212970.7450980392,3513339010.157852,0.007715718954874584,101507.6912086645,2002_GUSTAVClosest Bypasser,585416632265.0817,89.30059237692384,89.30059237692384,0.9761904761904762,1985.811688311688,16534150,13155960,3695224,3119889,917814.0,1087436,455348235298,3513339010.157852,0.007715718954874584,101507.6912086645,150.0,12597382917.36398,97.57738896366084,97.57738896366084,1.0,1986.9,93867,82265,5922,4923,31327.66666666667,34493,257326911,1985462.122444483,0.007715718954874584,634.7323770271547,150.0,0.0,0.0,0.0,0.0,1975.376793274104,71546,62094,4865,3891,0.0,0,196296448,1514568.224608153,0.007715718954874584,479.1010807048163
2002_HANNA,Pre - 1st Max Landfall,0.05793104253437512,0.02,50,1003,125.0,90.0,12,0.634,0,203.75,131.5,59203.5625,15.56,1006208403714.289,86.04560438488697,86.04560438488697,0.7552447552447552,1980.363352095059,49083530,38626856,9471786,8589195,2158966.444444445,2514055,1201574832138,99042.9,2676442024.143289,0.001142431281196518,80333.33444828806,2002_HANNAPre - 1st Max Landfall,2478360763814.015,74.85419470614626,74.85419470614626,0.7791164658634538,1984.371971365639,125571343,98219527,26891333,22450228,4899082.333333332,5769270,3310434386623,2676442024.143289,0.0007616208541310122,80333.33444828806,125.0,279830620717.994,89.38144908030507,89.38144908030507,0.8928571428571429,1983.072340425532,7124645,5588290,1460210,1343184,634077.4444444444,736518,200118211570,461650461.0822933,0.001142431281196518,13258.9609463015,125.0,620713770273.5574,85.95782862270076,85.95782862270076,0.8080808080808081,1979.346190028222,26720843,20906038,5025863,4485490,1405023.777777778,1628054,603832641714,751000938.398774,0.001142431281196518,23492.43676646354
2002_ISIDORE,Pre - 1st Max Landfall,1.766896797298441,0.61,55,984,250.0,90.0,12,1.623,0,184.25,120.25,197598.5625,15.97,3053466830035.82,74.34461684315667,74.34461684315667,0.6533018867924528,1981.603366422097,223667987,177403433,41980758,38928617,6303637.999999999,7431295,5069905940227,104893.85,28871541278.91637,0.004271183538847989,1000296.288701919,2002_ISIDOREPre - 1st Max Landfall,9741832108570.469,52.06685220935874,52.06685220935874,0.6759259259259259,1975.051370851371,493958710,395095342,94186732,87291598,20309972.55555555,22946461,10907015167957,28812502139.82331,0.001971315479468303,998727.0376796759,250.0,733186079964.6785,80.06121651543438,80.06121651543438,0.5436893203883495,1979.086705202312,44277830,34740234,9115629,8664874,1569370.888888889,1812277,1281482929068,7856538004.053186,0.004271183538847989,191838.0653825773,250.0,549890394303.3401,80.04138398293368,80.04138398293368,0.5538461538461539,1978.330275229358,27998781,22624465,5698063,5785204,1236209.888888889,1421342,853608744769,4881708683.640234,0.004271183538847989,111992.4671828294
2002_KYLE,Pre - 1st Max Landfall,0.01448276063359378,0.005,35,1010,40.0,40.0,19,0.371,0,99.1875,89.375,33814.1875,8.72,315509246929.4257,96.6038582323912,96.6038582323912,0.0,1988.692913385827,5506480,3978655,1415598,992628,640195.1111111109,814361,174902336194,124765.2,146851.2508169255,8.396185780723533e-07,3.340552813689417,2002_KYLEPre - 1st Max Landfall,315509246929.4257,96.6038582323912,96.6038582323912,0.0,1988.692913385827,5506480,3978655,1415598,992628,640195.1111111109,814361,174902336194,146851.2508169255,8.396185780723533e-07,3.340552813689417,40.0,215531853176.2758,96.90444145356662,96.90444145356662,0.0,1988.078947368421,1004878,802476,269223,221104,446109.4444444444,574756,23864720371,20037.26258389126,8.396185780723533e-07,0.6737734989815671,40.0,177691323503.1435,96.64273964408554,96.64273964408554,0.0,1986.672727272727,1418891,1125114,361635,292376,336848.9999999999,433080,48622183715,40824.08875324905,8.396185780723533e-07,0.9446666262479801
2002_LILI,Pre - 1st Max Landfall,3.490345312696101,1.205,80,962,170.0,10.0,15,2.142,1,116.6875,70.25,92288.75,8.4,1972562042910.245,80.89350736068943,80.89350736068943,0.3174603174603174,1982.475978037063,72375675,57085783,14203496,13051566,3860910.0,4692835,1918961466391,140082.8,99009850274.27814,0.02295754395172674,2728208.52219087,2002_LILIPre - 1st Max Landfall,2469530436807.381,66.06907754877037,66.06907754877037,0.3174603174603174,1981.627132412673,86849489,68654855,17427796,16011167,4924720.333333333,5878814,2364717077441,99009850274.27814,0.01530502930115116,2728208.52219087,170.0,264112370757.2673,77.91070568100626,77.91070568100626,0.0,1982.439716312057,10524778,8247602,1842343,1666831,552553.222222222,655103,220571042861,6718458751.729294,0.02295754395172674,261581.1526374074,170.0,179787777805.7664,73.23229367819455,73.23229367819455,0.0,1981.781456953642,4151462,3289289,783598,718313,394681.6666666666,462794,93914153122,2035870360.813246,0.02295754395172674,66437.48437463652
2003_BILL,Pre - 1st Max Landfall,0.1375570377516453,0.05,50,997,125.0,25.0,11,0.809,0,132.375,79.1875,108076.625,10.2,754894789461.4406,84.49109249048466,84.49109249048466,0.4852941176470588,1979.817440912796,52735787,41530695,10526951,9948565,1543445.0,1842067,1470030634804,114808.55,3272960190.611722,0.001149321976261393,85718.32349217472,2003_BILLPre - 1st Max Landfall,3915387619910.059,61.63766030847295,61.63766030847295,0.5534591194968553,1982.680436337625,182480490,144997335,36267389,31420364,7956902.333333331,9432839,3952008317211,3272960190.611722,0.0003629437819772819,85718.32349217472,125.0,234792920335.6543,87.11866307761328,87.11866307761328,0.5666666666666667,1985.733146067416,6281088,4846804,1187222,1006089,446648.6666666667,555631,138582996795,208654380.5659082,0.001149321976261393,6062.395284252896,125.0,387613680925.955,85.50391892961761,85.50391892961761,0.6976744186046512,1976.178723404255,8384192,6650882,1610036,1409220,865143.6666666664,1011666,181953739110,228819525.3367679,0.001149321976261393,6414.118410670879
2003_CLAUDETTE,Pre - 1st Max Landfall,0.4952053359059231,0.18,80,979,120.0,15.0,16,1.397,1,129.8125,75.125,38372.3125,6.62,2144479161580.257,76.7858850179085,76.7858850179085,1.0,1987.11389897656,88930462,64566303,27445300,19371243,4040183.333333333,5433928,4117597116542,840860.8,172949702301.6104,0.02208580107664581,2542144.73578635,2003_CLAUDETTEPre - 1st Max Landfall,2153278792290.688,76.48952951562251,76.48952951562251,1.0,1987.093359631821,90675651,65811976,27667640,19550873,4056079.333333333,5452479,4141585413023,172951954847.5763,0.01893836274380368,2542249.44042365,120.0,239972695714.6222,77.72063064795232,77.72063064795232,1.0,1985.970326409496,4526604,3422753,676867,657860,421370.9999999999,530152,79249829831,2020304212.378444,0.02208580107664581,97262.45332321222,120.0,115534567787.9989,75.6318229400329,75.6318229400329,1.0,1985.451612903226,1642882,1251300,258256,251620,209228.0,260362,34500400863,730092549.987915,0.02208580107664581,26457.86567531852
2003_ISABEL,Pre - 1st Max Landfall,12.78730222939295,4.648,85,958,300.0,45.0,17,1.99,2,150.0625,100.5,186209.4375,20.2,17571949059604.12,61.21809851042249,61.21809851042249,0.5893155258764607,1970.116450308576,1497160067,1201943165,384951326,334060875,35341312.33333333,39645585,49616274022827,222841.2666666667,1171724416745.746,0.03247202646100593,28299236.29485327,2003_ISABELPre - 1st Max Landfall,17768697047524.88,61.02813410249183,61.02813410249183,0.5893155258764607,1970.082048481284,1682114537,1352691420,420944550,367862998,35785089.66666666,40119895,54256108244698,1171728312436.758,0.02783328548351624,28299362.86588862,300.0,2472005387204.143,71.97727653548245,71.97727653548245,0.991304347826087,1977.005787781351,91163082,71598496,21030136,17237493,4556823.999999999,5355546,2388010234086,80714736048.03378,0.03247202646100593,2500418.168300418,300.0,1660885945730.759,68.82325314042171,68.82325314042171,1.0,1972.971111111111,38570880,30838579,8024520,7235558,3291755.999999999,3741633,788170568363,10362278919.16263,0.03247202646100593,528560.8132145125
2004_ALEX,Closest Bypasser,0.01002199489007604,0.004,85,973,83.0,10.0,15,0.386,2,37.3125,37.3125,4263.4375,7.55,148890132284.08,93.03723642889187,93.03723642889187,1.0,1987.416666666667,2892452,2452306,496391,411542,306662.8888888889,388450,38728016675,238063.4294117647,3881119752.855869,0.1002147821166502,245757.3285000306,2004_ALEXClosest Bypasser,148890132284.08,93.03723642889187,93.03723642889187,1.0,1987.416666666667,2892452,2452306,496391,411542,306662.8888888889,388450,38728016675,3881119752.855869,0.1002147821166502,245757.3285000306,83.0,39140922125.66219,95.08748317631225,95.08748317631225,1.0,1986.34375,249911,221089,27093,23063,87936.22222222223,108292,1645811208,164934611.5659095,0.1002147821166502,22156.38779665524,83.0,0.0,0.0,0.0,0.0,1975.376793274104,20010,18500,952,953,0.0,0,60982168,6111314.698321043,0.1002147821166502,1853.949435361912
2004_CHARLEY,Pre - 1st Max Landfall,40.08797956030418,16.0,125,947,40.0,5.0,18,1.049,4,95.75,63.75,25674.0625,9.88,1641777681542.564,96.3943306249273,96.3943306249273,0.0,1988.030366933783,42173295,33074853,10944437,7334121,3822204.111111111,4905886,1538481233328,647041.8,188460577695.8652,0.2132416024922132,5117794.020116869,2004_CHARLEYPre - 1st Max Landfall,1641777681542.564,96.3943306249273,96.3943306249273,0.0,1988.030366933783,42173295,33074853,10944437,7334121,3822204.111111111,4905886,1538481233328,188460577695.8652,0.2132416024922132,5117794.020116869,40.0,1427885323424.062,96.55675190668461,96.55675190668461,0.0,1987.701899659035,23077678,18435133,6085093,4157951,3310246.111111111,4261228,871189995549,93601104642.05998,0.2132416024922132,2670444.414524751,40.0,928044482024.077,97.49140122625991,97.49140122625991,0.0,1988.389230769231,9287743,7286167,2203058,1574089,2148406.333333333,2775499,295173977062,31039083212.86329,0.2132416024922132,1081953.672519885
2004_CHARLEY,Pre - 2nd Max Landfall,0.5825284529856701,0.2325,68,994,75.0,20.0,30,1.019,1,95.75,63.75,67381.1875,9.88,1262325385798.187,89.72141816773907,89.72141816773907,0.75,1987.549618320611,36527843,30356202,7401568,5686964,2229938.555555556,2897287,759269112499,329017.7,12187664195.65143,0.0166386654191982,461410.415388235,2004_CHARLEYPre - 2nd Max Landfall,1262325385798.187,89.72141816773907,89.72141816773907,0.75,1987.549618320611,36527843,30356202,7401568,5686964,2229938.555555556,2897287,759269112499,12187664195.65143,0.0166386654191982,461410.415388235,75.0,628796363157.5752,94.79288171078211,94.79288171078211,0.7272727272727273,1987.068925233645,11202791,9233097,2138881,1582023,1244185.555555555,1619984,209576047091,3951317229.161008,0.0166386654191982,171646.8539646632,75.0,475592033283.9558,94.35414294095317,94.35414294095317,0.7692307692307693,1987.6224,4669479,3824882,941779,683623,927812.6666666664,1229186,99261436660,1446811701.622002,0.0166386654191982,51012.05651814501
2004_FRANCES,Pre - 1st Max Landfall,24.75432737848782,9.88,92,959,175.0,30.0,10,1.805,2,160.5,68.875,59312.3125,23.57,3396292540061.669,84.86096220088054,84.86096220088054,0.06051873198847262,1983.756996974281,459568959,384462119,122568899,93057073,8341210.666666667,10143968,17919226939495,352268.3333333333,1410160203885.479,0.03621669426309849,29009646.6833327,2004_FRANCESPre - 1st Max Landfall,9477427860805.729,59.79044202656231,59.79044202656231,0.115606936416185,1977.597861426198,906329622,761459237,230633841,181835452,20671093.44444444,24306556,31439091780476,1466761082606.52,0.0154771764973177,30206402.39243158,175.0,2551497935912.58,89.55768240200722,89.55768240200722,0.02564102564102564,1984.283176858665,191387834,158227029,53395204,40064690,6258116.666666665,7663684,8094669782353,855981587991.6836,0.03621669426309849,16380151.42726758,175.0,1720365783984.938,86.55002243158367,86.55002243158367,0.07216494845360824,1984.64856230032,67522927,57215845,17908053,14128826,4069318.666666666,4957940,2632369451193,286881406282.2845,0.03621669426309849,5698777.700417354
2004_GASTON,Pre - 1st Max Landfall,0.2693411126707937,0.1075,65,986,50.0,10.0,7,0.423,1,169.5,77.6875,42862.5625,12.6,676206850126.3282,90.18650259565469,90.18650259565469,0.3018867924528302,1985.928260869565,34914379,29183592,7193957,5764269,1315292.888888889,1682148,795205904663,232848.8,3772597715.68383,0.006685878542904978,92234.4769866584,2004_GASTONPre - 1st Max Landfall,2562689427593.136,84.2991290357513,84.2991290357513,0.6839080459770115,1986.419060052219,174247137,145371934,40668843,31558858,4394942.444444444,5596891,4659585504868,3786543047.08665,0.002865496463899001,92595.97691593089,50.0,367974781416.5416,92.71970490005484,92.71970490005484,0.1555555555555556,1986.636174636175,8354428,7039214,1899004,1567897,719563.5555555556,935177,226593773832,2527643633.957251,0.006685878542904978,47638.29895704803,50.0,333390183812.7224,91.8692106721558,91.8692106721558,0.2285714285714286,1985.844748858447,3885910,3396966,725328,651514,655627.3333333335,847442,59880665322,16209803.18811389,0.006685878542904978,1487.901883022826
2004_IVAN,Pre - 1st Max Landfall,46.95304606000627,18.74,105,946,208.0,25.0,15,2.598,3,216.6875,116.375,241084.8125,17.0,3890881064286.195,80.06746091088846,80.06746091088846,0.647239263803681,1982.064557571864,184100694,159572015,42917612,37676716,8676831.999999998,10538788,6122283442259,471912.8,394272556703.7652,0.03461839951272636,14044146.07680815,2004_IVANPre - 1st Max Landfall,7964045336902.917,68.53450634102573,68.53450634102573,0.6502590673575129,1981.611519501859,390427306,335212586,95482798,81074409,16604300.0,19995203,12299246798198,394272556703.7652,0.01538595533898949,14044146.07680815,208.0,1994225306351.756,85.68622458259067,85.68622458259067,0.7267080745341615,1980.276449491931,72797496,64083823,18281442,16248586,4834032.555555554,5718394,2783075244164,135029760819.5048,0.03461839951272636,5004238.982653005,208.0,1710220503762.173,86.24167443144563,86.24167443144563,0.696969696969697,1981.838871025366,47673551,42339472,13046399,11442697,4146858.888888888,4933327,2029286734244,79661529677.93738,0.03461839951272636,2879102.82316563
2004_JEANNE,Pre - 1st Max Landfall,18.7411304444422,7.48,105,950,180.0,45.0,11,1.208,3,142.125,74.8125,65893.25,11.97,2945804121836.484,92.04880471704159,92.04880471704159,0.0,1984.158744003489,408758353,338876014,109605292,81672509,7374835.999999999,9008171,15919083783971,647041.8,1627124305433.134,0.09636283362798953,33652604.75771581,2004_JEANNEPre - 1st Max Landfall,10821249465472.24,76.80362534718547,76.80362534718547,0.1094470046082949,1981.981466450216,1018092138,842018456,269174003,205001228,21879057.77777777,26531953,36517861568381,1637562139035.942,0.02334272746712434,33904436.68438331,180.0,2649617676544.783,96.60359433140685,96.60359433140685,0.0,1984.116172571704,225787825,185915708,60749218,44881877,6709234.222222221,8173149,8980441790258,903669807541.9586,0.09636283362798953,17749321.52235914,180.0,1499704274949.66,96.69358456707043,96.69358456707043,0.0,1983.99256993007,38375462,31393860,9992226,7307724,3845463.888888888,4654387,1424654360461,192262267929.1949,0.09636283362798953,4289261.170777133
2005_CINDY,Pre - 1st Max Landfall,0.7317867298359779,0.32,65,992,90.0,20.0,12,1.151,1,199.4375,126.9375,66904.5,9.5,675294376911.5664,90.81032580359633,90.81032580359633,0.5054945054945055,1978.68306010929,40920723,35019857,8551341,8550853,1347961.888888889,1669535,1319239984047,141152.9,13960192571.55533,0.0089218609089677,328630.7472434634,2005_CINDYPre - 1st Max Landfall,9044972237093.766,69.71540647179947,69.71540647179947,0.6461538461538462,1979.520175958041,398543410,337459773,107418306,90290447,16550955.11111111,20141575,14028610184937,13966119365.21781,0.002327441976252443,328844.9596767579,90.0,346597534398.6046,92.29409125696039,92.29409125696039,0.5384615384615384,1974.192415730337,5504496,4941762,1091207,1263948,811464.9999999999,951888,182363666598,661341512.5689365,0.0089218609089677,19267.29313362805,90.0,346597534398.6046,92.29409125696039,92.29409125696039,0.5555555555555556,1974.192415730337,5878508,5174438,1137101,1278727,811464.9999999999,951888,176084537721,501340407.9276202,0.0089218609089677,13595.71136567027
2005_DENNIS,Pre - 1st Max Landfall,5.470105805523934,2.392,110,942,110.0,10.0,18,2.626,3,142.75,67.5,178192.375,12.8,647161544224.1641,78.55339721312683,78.55339721312683,0.7798165137614679,1984.128937007874,31362610,26768711,5611814,5039267,1340385.444444444,1682447,604761338113,315519.7333333333,88784591907.08344,0.06178275864432392,3637610.512890568,2005_DENNISPre - 1st Max Landfall,3433390833233.971,39.83819647106029,39.83819647106029,0.7857142857142857,1976.147520135651,339427867,288318552,60873221,55286842,6688025.111111111,7934584,7190701143558,88784591907.08344,0.01425755968715168,3637610.512890568,110.0,431323494874.9457,81.14251532824885,81.14251532824885,0.7608695652173914,1983.557077625571,15184018,12896645,2860944,2513839,925782.6666666664,1161746,323025564701,47436803373.31272,0.06178275864432392,1779400.954534298,110.0,332912883287.9767,79.39344997756842,79.39344997756842,0.8695652173913043,1982.821643286573,5355516,4497393,1014892,873512,703385.8888888889,873380,113690893253,9296651814.103062,0.06178275864432392,340017.2311824478
2005_KATRINA,Pre - 1st Max Landfall,266.2788963190664,116.44,110,923,200.0,20.0,15,5.943000000000001,3,217.875,127.375,243785.9375,16.43,1457854460610.693,76.36223803114785,76.36223803114785,0.6842105263157895,1981.303829787234,117083080,99365710,22569060,21027319,2999527.333333333,3726646,2770392139159,82991.6,476662558351.327,0.09833345412329131,16154939.7631622,2005_KATRINAPre - 1st Max Landfall,6378777901424.378,45.11153747029008,45.11153747029008,0.6854838709677419,1975.105850826262,341265455,288888232,66292775,59749393,12531286.77777778,14884363,8082450933412,476680811249.6371,0.03934552594925239,16156222.23881668,200.0,985191358673.8389,78.04001367258434,78.04001367258434,0.7088607594936709,1979.67148241206,62915470,53388563,12310037,11615153,2006908.0,2462573,1568224956467,294593147934.4346,0.09833345412329131,8931563.240966795,200.0,720443955681.9249,83.32470580115263,83.32470580115263,0.6888888888888889,1978.934945788157,30252720,25755822,5934603,5681610,1444176.333333333,1769446,788718009173,172527391640.806,0.09833345412329131,5089808.25533663
2005_OPHELIA,Closest Bypasser,1.909505998165755,0.835,70,982,120.0,30.0,5,1.824,1,37.4375,37.4375,2334.1875,17.5,479000252551.7722,91.70880166842481,91.70880166842481,1.0,1986.29221732746,11639836,9783347,2118429,1673968,937947.8888888888,1209464,191590847452,254115.6411764706,7222319466.490117,0.03769657873814709,368798.7096260216,2005_OPHELIAClosest Bypasser,479000252551.7722,91.70880166842481,91.70880166842481,1.0,1986.29221732746,11639836,9783347,2118429,1673968,937947.8888888888,1209464,191590847452,7222319466.490117,0.03769657873814709,368798.7096260216,120.0,211371643191.1599,95.2953491849858,95.2953491849858,1.0,1986.664335664336,3099371,2591426,526562,430904,413142.2222222222,540407,43709526095,1647699592.028888,0.03769657873814709,97687.9014928346,120.0,34771830856.66219,98.31763122476447,98.31763122476447,1.0,1986.357142857143,404097,356384,61979,52079,77350.66666666667,98147,3553740844,133963871.5576527,0.03769657873814709,13434.44771542936
2005_RITA,Pre - 1st Max Landfall,37.84892440052909,16.5508,100,935,180.0,20.0,10,3.055,3,234.5,115.875,187440.8125,16.0,2261117305810.057,79.77164647824137,79.77164647824137,0.65,1984.359521500162,97666341,79750846,24676937,19207330,3924664.444444444,5222482,3474124248406,601530.05,518475182316.1803,0.05840588155502506,10865316.26067811,2005_RITAPre - 1st Max Landfall,4785619646586.446,43.75852242210554,43.75852242210554,0.65,1979.958267216757,212495990,178012670,44537209,37414532,8424891.888888888,10540243,5752425000375,518475278783.9056,0.0206138899381605,10865320.03347504,180.0,1653632039666.638,85.25147237097066,85.25147237097066,0.6712328767123288,1985.03161175423,50458865,41374919,13389116,10342376,2820090.0,3833691,1988979328586,333468108847.306,0.05840588155502506,6289394.800136751,180.0,1191851170268.05,83.82362366211626,83.82362366211626,0.6888888888888889,1982.867958812841,13308925,11157972,2141310,2014170,2094945.777777778,2742309,273802929906,37478579647.61497,0.05840588155502506,1406815.857622049
2005_WILMA,Pre - 1st Max Landfall,42.03200029495398,18.38,107,951,200.0,27.0,21,2.882,3,225.6875,129.5625,43033.625,13.26,2621990017022.278,96.91123890316354,96.91123890316354,0.0,1984.168897541981,133367861,111989487,35603016,27476937,6478372.666666667,8096420,5387082879111,704890.3,1088147933674.496,0.2031398572769424,22658114.90955126,2005_WILMAPre - 1st Max Landfall,2621990017022.278,96.91123890316354,96.91123890316354,0.0,1984.168897541981,133367861,111989487,35603016,27476937,6478372.666666667,8096420,5387082879111,1088147933674.496,0.2031398572769424,22658114.90955126,200.0,1783299643698.586,97.16689098250336,97.16689098250336,0.0,1983.86590830748,68765905,59363371,18435584,14790917,4479395.888888889,5568015,2853429023213,555587843538.4049,0.2031398572769424,11555064.66297483,200.0,1142924326766.416,96.87079407806192,96.87079407806192,0.0,1982.598347960764,33241481,28703388,9344117,7359850,3024891.333333333,3637771,1468619664036,249221644614.5807,0.2031398572769424,5023753.154598978
2006_ERNESTO,Pre - 1st Max Landfall,0.564924500982822,0.26643,60,985,100.0,28.0,15,1.123,0,201.3125,75.3125,147151.0625,14.61,1868063456734.235,83.84605524578606,83.84605524578606,0.883495145631068,1986.895644283122,93601726,78021163,20865833,16410229,4233940.444444445,4042908,2290027679465,382220.75,6659409138.69424,0.003055554214760876,262091.4632401231,2006_ERNESTOPre - 1st Max Landfall,5494599413454.702,80.69019627123575,80.69019627123575,0.8541666666666666,1977.477484128156,443767876,373866479,120864180,99431009,12521191.88888889,12109619,15239684356396,9002287503.499916,0.001749086335533157,315500.0146975687,100.0,475591836859.2559,89.66787661269491,89.66787661269491,0.98,1987.477777777778,9843454,8248493,1853558,1467392,1226818.222222222,1170328,190693477231,955306397.9687166,0.003055554214760876,31691.56962316268,100.0,422374486893.2394,88.21252323271166,88.21252323271166,1.0,1986.454385964912,10862725,9138640,1926568,1591895,1037607.444444445,992164,173015276939,288693281.9909837,0.003055554214760876,14794.17591661348
2007_HUMBERTO,Pre - 1st Max Landfall,0.1268889993596786,0.0625,80,985,50.0,15.0,8,0.39,1,95.375,53.4375,64419.875,14.13,1086345472067.768,82.83568449562169,82.83568449562169,0.5555555555555556,1983.498161764706,17732416,14994102,3652667,3228694,2821395.666666667,2719927,545192661379,701168.15,32027797105.14115,0.02572949851287588,727669.6653740794,2007_HUMBERTOPre - 1st Max Landfall,1376343258427.526,72.06785128143972,72.06785128143972,0.5483870967741935,1982.885214926783,36593902,31219256,7280004,6773211,3558441.333333333,3440669,936481029901,32027797105.14115,0.01403427191611411,727669.6653740794,50.0,1003823639228.943,86.05936105404831,86.05936105404831,0.6,1983.159525379038,5269242,4496394,859295,813440,2608731.0,2515363,113536721044,4847887551.169095,0.02572949851287588,173149.5124273514,50.0,236347284748.8454,85.22319425751458,85.22319425751458,0.4,1982.442708333333,3700571,3185103,639706,620716,623364.6666666666,603540,75912458540,2338396815.742921,0.02572949851287588,79951.10561554496
2008_DOLLY,Pre - 1st Max Landfall,2.383460301236798,1.2125,75,967,120.0,10.0,5,0.8150000000000001,1,184.3125,88.3125,40662.3125,15.0,309944069093.1463,80.78147364823003,80.78147364823003,1.0,1988.259197324415,52784270,40916831,12356034,9534604,863480.4444444444,843657,1802660401265,1253142.0,44410431658.49204,0.02325633480808112,1006837.441170477,2008_DOLLYPre - 1st Max Landfall,331231129044.703,76.98692066121407,76.98692066121407,1.0,1988.334379905808,60973213,47314440,14174308,10900144,918144.6666666667,896887,2057770097444,44638177084.12973,0.01760445243852128,1011995.90241471,120.0,166981907971.0625,81.76632698839967,81.76632698839967,1.0,1992.21568627451,9202370,7040197,3154339,2321480,499943.8888888889,487358,427492190534,13090657899.81892,0.02325633480808112,227488.9653646971,120.0,166981907971.0625,81.76632698839967,81.76632698839967,1.0,1992.21568627451,2190864,1751783,644763,506332,499943.8888888889,487358,80981129084,2889240588.983325,0.02325633480808112,64496.31345519777
2008_FAY,Pre - 1st Max Landfall,0.7273239682124663,0.37,55,994,110.0,20.0,7,0.709,0,257.125,79.0,44011.875,27.65,3486762976886.949,89.32177910006061,89.32177910006061,0.05024311183144246,1984.264962015935,609297380,505984177,160816485,129846633,10515228.33333333,10385541,22924877072111,767357.8,171775630925.9988,0.004940674742542503,3548666.86395705,2008_FAYPre - 1st Max Landfall,5080981590469.941,79.29892878105179,79.29892878105179,0.3599755948749238,1983.045041635125,1276626565,1056679842,320254753,261647120,14525722.22222222,14333303,43924861046012,223654305288.112,0.002351111438142237,4617011.396221021,110.0,2242698243058.86,93.04518944492027,93.04518944492027,0.0,1984.480128579778,73213223,56723578,19584976,14526589,6892930.444444444,6808318,2457777969900,13319334000.71459,0.004940674742542503,298750.9325617444,110.0,1918607282427.852,92.10488367621612,92.10488367621612,0.05732484076433121,1987.167276720351,56234670,44616741,13972807,10673013,5648979.777777778,5576344,1522057056798,6430690435.267214,0.004940674742542503,165797.704458023
2008_GUSTAV,Pre - 1st Max Landfall,11.51923906412176,5.86,95,955,200.0,25.0,12,2.973,2,184.125,97.4375,125591.5,21.0,1283906917046.922,81.74476936253518,81.74476936253518,0.44106463878327,1980.044518908569,134790354,114147995,25511822,24186317,3315779.888888889,3262300,3320724076715,213803.5,321077409076.819,0.07570024015899869,10687884.45079755,2008_GUSTAVPre - 1st Max Landfall,2407094424109.598,55.83006612440752,55.83006612440752,0.4391143911439114,1981.404890531703,231572981,197470960,40434826,38126567,5779045.888888889,5688545,4727109415948,321084356825.0298,0.01747629251742424,10688394.2152689,200.0,701212859870.218,88.14715118887393,88.14715118887393,0.1530612244897959,1979.158894645941,48180619,40552059,9627671,9061655,1770776.222222222,1739360,1400034743973,172888715018.734,0.07570024015899869,4848088.696684604,200.0,332152096824.8283,88.89046303511132,88.89046303511132,0.0,1973.910969793323,7543971,6550404,1413263,1409261,903490.7777777779,889655,251137270262,30015694974.07937,0.07570024015899869,685173.3511552642
2008_HANNA,Pre - 1st Max Landfall,0.314518472740526,0.16,60,981,175.0,30.0,22,1.006,0,163.25,82.3125,138896.6875,9.65,10964174147206.67,78.52669358456707,78.52669358456707,0.6674698795180722,1971.515754560531,515380700,436518594,144509248,124724090,25275357.55555556,24966987,18881152929381,292705.2666666667,53404488497.72081,0.004279970500341885,1470817.730902558,2008_HANNAPre - 1st Max Landfall,12244523892655.03,78.5583575358315,78.5583575358315,0.6527472527472528,1971.104302134647,644748059,550642477,192178022,169053678,26588140.66666666,26270800,25893955276367,61232780030.16795,0.00382801554018214,1598212.598155645,175.0,1354828418913.057,86.46324024226111,86.46324024226111,0.7391304347826086,1986.267878787879,14086597,11634533,2784527,2232322,3124848.444444444,3063630,238451356975,1389284497.13381,0.004279970500341885,65387.07167361211,175.0,3502603667197.927,85.6395137687197,85.6395137687197,0.6885245901639344,1976.048365122616,50765782,43113422,14871441,13100614,7906714.666666666,7802437,2000622255917,2380319507.247265,0.004279970500341885,54628.86945339332
2008_IKE,Pre - 1st Max Landfall,57.00647318422033,29.0,95,951,225.0,30.0,11,4.573,2,257.875,102.0,120376.375,18.9,4049497576694.354,73.08453193662942,73.08453193662942,0.7806122448979592,1985.662369768674,226775332,182765300,59275405,46965847,10031272.88888889,9797191,8157094121675,1253142.0,936666706445.2604,0.07180650112318514,20284231.44763043,2008_IKEPre - 1st Max Landfall,14059742579674.92,36.83061268938865,36.83061268938865,0.7806122448979592,1974.611379695054,690196104,581415984,150090916,132686436,32109212.33333334,31676979,20447785312390,971624978419.6107,0.03136053262060418,21348742.84205829,225.0,1906276668562.185,79.20679589589415,79.20679589589415,0.85,1985.49551307062,105718530,84555139,30262143,23547825,4467948.444444444,4363676,4454098420411,556223531047.6942,0.07180650112318514,10223710.95198354,225.0,1687563316624.91,79.81588846326397,79.81588846326397,0.9,1985.746547884187,76322200,60754212,24601466,18871843,3958051.777777778,3864613,3789927319837,496647046173.7258,0.07180650112318514,7798573.587284927
2009_IDA,Pre - 1st Max Landfall,1.199547937009333,0.6,35,999,30.0,20.0,7,1.333,0,105.5,45.375,105196.0625,18.0,404082440399.1089,93.31314490803051,93.31314490803051,0.4716981132075472,1983.963414634146,24330360,22236078,4791623,4223054,1065014.777777778,1062541,555471003010,455099.45,68755.44887727028,1.399364296787256e-07,2.157107541297428,2009_IDAPre - 1st Max Landfall,485342742273.0005,88.96225886047554,88.96225886047554,0.4545454545454545,1984.051748251748,32817907,30043204,6059966,5361267,1287189.222222222,1283976,672155304872,68755.44887727028,1.199455111531933e-07,2.157107541297428,30.0,305095274059.7816,95.45658468942453,95.45658468942453,0.2380952380952381,1984.262557077626,7692174,6993986,1561375,1361972,849200.2222222221,847271,181706229658,15607.93085633994,1.399364296787256e-07,0.6260800322231239,30.0,341799909971.7471,95.50406973018009,95.50406973018009,0.3793103448275862,1984.055555555556,10953276,9969749,2209599,1924626,947228.5555555555,945103,259214810358,48896.14673128915,1.399364296787256e-07,1.279381813620587
2010_HERMINE,Pre - 1st Max Landfall,0.4715040631897771,0.24,59,989,90.0,13.0,14,0.6890000000000001,0,138.25,60.1875,96528.3125,16.37,770644451853.46,74.49011284812092,74.49011284812092,1.0,1986.837748344371,47571006,40950457,12811038,10319573,2033996.0,2057480,1864426173324,1255660.8,6736729907.237399,0.00433358366091627,162864.6677194988,2010_HERMINEPre - 1st Max Landfall,1908344829498.665,36.66323595387011,36.66323595387011,1.0,1982.065578817734,148999235,133095472,29721261,25727525,5200856.999999999,5244813,3980719835552,6736735368.565722,0.001083430899336487,162865.1468688512,90.0,646846116165.4984,73.9976405297177,73.9976405297177,1.0,1986.383629191321,10413758,9032787,3152029,2566061,1740768.0,1760589,439324850024,374212340.8704007,0.00433358366091627,10510.13457294397,90.0,640830429320.7478,75.61686855091969,75.61686855091969,1.0,1986.380715705765,9249689,8015759,2962584,2406181,1728953.0,1748663,431769599428,511450927.6825756,0.00433358366091627,12190.62250265692
2011_IRENE,Pre - 1st Max Landfall,21.43844401077824,11.28,75,952,225.0,53.0,13,2.509,1,153.125,125.3125,36982.875,15.74,3182424928298.619,82.28962010694967,82.28962010694967,0.6936416184971098,1986.532782653588,141095554,127052138,33148261,28491553,6834491.222222223,6986095,3923286610242,430040.1,214611394430.4257,0.05470194144627867,6949998.576372947,2011_IRENEPre - 1st Max Landfall,3182424928298.619,82.28962010694967,82.28962010694967,0.6936416184971098,1986.532782653588,141095554,127052138,33148261,28491553,6834491.222222223,6986095,3923286610242,214611394430.4257,0.05470194144627867,6949998.576372947,225.0,942940969420.2811,90.75988047775041,90.75988047775041,0.9397590361445783,1988.64845814978,33974462,30630728,7037024,5941427,2085902.666666667,2138304,755826336367,41345167995.53333,0.05470194144627867,1675560.27311792,225.0,319832990162.558,94.41079706893973,94.41079706893973,1.0,1986.701149425287,11720087,10592236,2237763,1911255,783151.0,799651,223259625349,12212734953.17606,0.05470194144627867,579415.832580561
2011_LEE,Pre - 1st Max Landfall,3.088428326020802,1.625,35,986,200.0,125.0,6,1.337,0,161.6875,72.25,107110.8125,20.96,2525494380053.736,79.32965744800937,79.32965744800937,0.38671875,1982.649217485159,162388685,147010012,34922432,32474316,5859719.0,5996222,4888353822714,230518.7,4104352.685742021,8.396185780723533e-07,123.432336046103,2011_LEEPre - 1st Max Landfall,5499118388421.265,67.80493601657801,67.80493601657801,0.5266903914590747,1984.572448979592,550906817,498444889,126491227,112984211,12677763.11111111,12950662,16356211301502,371277874.258737,3.181180719763725e-05,13261.26278794518,200.0,403395123467.0599,87.61258929495807,87.61258929495807,0.02884615384615385,1983.723756906077,46063919,41350646,8995340,8250145,877171.222222222,897382,1252077694589,1051267.69356697,8.396185780723533e-07,34.7187705361284,200.0,361116025358.8817,87.21938088829071,87.21938088829071,0.03157894736842105,1983.752556237219,41355824,37163815,8042700,7381936,786968.222222222,803951,1101959679450,925225.819153144,8.396185780723533e-07,31.20342904112654
2012_DEBBY,Pre - 1st Max Landfall,0.3873862734419001,0.21,35,995,50.0,75.0,9,1.17,0,204.4375,168.8125,17687.9375,28.78,1090982753924.864,91.15746971736205,91.15746971736205,0.0,1986.540252827678,51267145,44961571,13352083,11166238,3028544.888888889,3131380,1622229612598,784545.9,32314.60934966044,2.099046445180883e-07,1.581007936152867,2012_DEBBYPre - 1st Max Landfall,1712730618459.643,89.70724396972213,89.70724396972213,0.0,1985.234387351779,111916977,98519627,30773332,25843991,4890929.444444444,5053514,4127760275293,32314.60934966044,2.099046445180883e-07,1.581007936152867,50.0,374711263465.6009,90.6435372115049,90.6435372115049,0.0,1988.334507042254,10956522,9656426,2664779,2231535,1168995.888888889,1208568,283679855048,2638.456753528219,2.099046445180883e-07,0.4363622851253006,50.0,991303055675.1223,91.185218417161,91.185218417161,0.0,1986.432035268185,37090995,32469290,9355648,7805930,2755429.666666667,2848014,1060774512486,60579.3229010214,2.099046445180883e-07,2.507796175408222
2012_ISAAC,Pre - 1st Max Landfall,4.399601248375866,2.385,69,966,180.0,39.0,5,2.903,1,233.3125,91.875,94998.375,26.71,1235284354445.307,80.92104082548228,80.92104082548228,0.5282485875706214,1980.243987975952,190991408,173827427,36850330,35442031,3023679.333333333,3114173,4828825088509,235960.9,90666348815.38147,0.01882484306422287,3251518.788422315,2012_ISAACPre - 1st Max Landfall,2994689021694.983,50.54137340129,50.54137340129,0.4932301740812379,1979.964618973562,490295981,445774489,89736785,84788691,7994230.22222222,8215875,10751092520513,104133667166.5618,0.005546093350705732,3757197.050547635,180.0,450601653433.849,92.2678331090175,92.2678331090175,0.04597701149425287,1977.137254901961,58900881,53573892,12832377,12427598,1080854.666666667,1111313,2070910063813,40893965091.30258,0.01882484306422287,1059964.318749885,180.0,388850434528.0701,91.73396141767608,91.73396141767608,0.0,1974.812893081761,24511957,22496017,5327129,5226603,920026.888888889,945505,864907106942,16061392436.24881,0.01882484306422287,418471.8951793253
2012_SANDY,Pre - 1st Max Landfall,99.53244652300553,53.956,75,943,420.0,80.0,16,2.577,1,123.6875,54.625,152322.75,12.83,22426222154330.21,57.59875089310935,57.59875089310935,0.6833095577746077,1969.561323660256,2527857498,2327667078,590636971,561041414,48935410.99999999,49850738,75964061912867,581266.25,1693511389533.824,0.02155567803916044,51019069.40045521,2012_SANDYPre - 1st Max Landfall,22426222154330.21,57.59875089310935,57.59875089310935,0.6728723404255319,1969.561323660256,3095043767,2849209493,736948084,703825247,48935410.99999999,49850738,95693781264193,1713578226749.613,0.00933485217836652,51404233.90342794,420.0,9706722779762.545,80.20218334081054,80.20218334081054,0.5333333333333333,1965.495842781557,562486418,521381550,203662924,192630412,20093747.33333333,20408584,29792779745807,875476283428.2241,0.02155567803916044,15224746.51478357,420.0,8407191024899.127,84.50507203030756,84.50507203030756,0.3956043956043956,1965.365632318501,301856178,279598078,106515827,101114558,17137985.55555555,17413686,15850179121664,548111127561.6699,0.02155567803916044,9113749.59235086
2016_HERMINE,Pre - 1st Max Landfall,0.8221137637822208,0.5166666666666667,70,982,130.0,22.0,14,2.079,1,189.6875,99.6875,150283.3125,22.36,2432612549199.657,78.60049691081794,78.60049691081794,0.06609195402298851,1984.330038440417,151142925,145854840,33326512,31477234,6412946.0,6467043,3736480780009,759702.0,43688573409.97997,0.01397581559781061,1744362.125537251,2016_HERMINEPre - 1st Max Landfall,4505973068912.626,80.82730026360777,80.82730026360777,0.3256172839506173,1985.525697503671,325559168,314031698,73330857,68688234,10908531.0,11000570,8350443511604,74062723414.4928,0.01051135417801929,2829535.259690791,130.0,359850154515.4678,85.48925776382035,85.48925776382035,0.0,1985.974545454545,5996262,5768506,1493820,1413833,912560.0,918931,152119408377,3611961204.217108,0.01397581559781061,118895.6438496407,130.0,346725859504.9499,85.38158616220528,85.38158616220528,0.0,1986.293333333333,6771839,6503261,1598117,1497664,838347.9999999997,844060,171871475136,1615870182.695667,0.01397581559781061,47940.89841903207
2016_MATTHEW,Closest Bypasser,15.2754041270503,9.6,75,967,190.0,25.0,13,1.72,1,149.125,149.125,37405.625,18.95,3171079161995.486,81.57590502812576,81.57590502812576,0.3777777777777778,1986.045335865179,69960453,67144606,16067422,14921052,7398168.0,7467355,1877458006313,366677.8823529412,102700597929.2046,0.05470194144627867,3672940.30581245,2016_MATTHEWClosest Bypasser,3171079161995.486,81.57590502812576,81.57590502812576,0.3777777777777778,1986.045335865179,69960453,67144606,16067422,14921052,7398168.0,7467355,1877458006313,102700597929.2046,0.05470194144627867,3672940.30581245,190.0,368682457038.0198,92.68449977568416,92.68449977568416,0.0,1987.418947368421,6564728,6305007,1526418,1412204,930002.9999999997,940004,179205744986,9802902169.079056,0.05470194144627867,344896.1039317552,190.0,143131884427.2594,97.05024674742037,97.05024674742037,0.0,1985.335227272727,1752518,1687122,501629,472817,343546.0,348088,78632479717,4301349301.280858,0.05470194144627867,92288.82263894107
2017_HARVEY,Pre - 1st Max Landfall,162.0125704024161,106.0,115,937,120.0,10.0,5,1.132,4,264.75,144.4375,109686.125,60.58,2310758957619.19,76.88580598405632,76.88580598405632,1.0,1987.664500886001,123121820,116111008,36906618,34374333,5841048.0,5912306,5055226144638,1667313.0,461254723014.676,0.1131875627972417,11180829.33552237,2017_HARVEYPre - 1st Max Landfall,2582990605430.251,71.06652833856737,71.06652833856737,1.0,1987.244644274002,527575595,498769498,162435709,151106043,6509377.0,6586895,23209592917427,463164721062.1969,0.03598987517473786,11227918.87419335,120.0,212578874465.8509,83.58398189868727,83.58398189868727,1.0,1982.650793650794,13370912,12587095,2723788,2686831,493745.9999999998,498220,351830810147,61084749478.34456,0.1131875627972417,1689538.60180843,120.0,123991247396.5696,86.34120477996656,86.34120477996656,1.0,1980.486631016043,3979217,3730938,794946,785895,295608.0,297897,115838913205,25508019008.21471,0.1131875627972417,649891.0738466622
2017_IRMA,Pre - 1st Max Landfall,72.44713053843888,47.4,100,936,300.0,15.0,11,2.645,3,242.8125,123.375,168613.375,21.66,6653264727777.459,77.40529044641691,77.40529044641691,0.1180124223602484,1985.068383026356,697170343,673328541,171852539,163123247,17528972.0,17673770,23784958735968,1014866.9,1684142043186.907,0.08339954436106498,46296443.84597609,2017_IRMAPre - 1st Max Landfall,11518740716770.74,60.87376245460666,60.87376245460666,0.2612121212121212,1984.174535904017,2120436198,2048938295,495938270,472490774,29193763.0,29419399,63666468764340,1730897216817.909,0.02206180999027154,47761184.27579676,300.0,3049671552761.741,90.80502995276173,90.80502995276173,0.0,1984.245060949979,329370303,318653679,88150747,83403261,9204649.999999996,9281377,12940470192990,1008113882676.634,0.08339954436106498,23573942.99150935,300.0,2114735527020.597,96.80973032251633,96.80973032251633,0.0,1983.727403984984,57858178,55745358,13338517,12448227,6665381.0,6719859,1754251114713,126977506928.9031,0.08339954436106498,4423925.41434093
2017_NATE,Pre - 1st Max Landfall,0.7514734004514584,0.4916666666666667,78,982,110.0,20.0,15,0.893,1,57.0625,36.875,19637.125,9.93,472813918904.247,94.71063257065948,94.71063257065948,0.3846153846153846,1977.495896834701,13995783,13663424,2818066,2841857,1244959.0,1251800,489189527453,239830.7,28401177469.39316,0.06072505002105503,781483.4093095855,2017_NATEPre - 1st Max Landfall,472813918904.247,94.71063257065948,94.71063257065948,0.3846153846153846,1977.495896834701,13995783,13663424,2818066,2841857,1244959.0,1251800,489189527453,28401177469.39316,0.06072505002105503,781483.4093095855,110.0,83001595085.99556,95.09496037086885,95.09496037086885,0.0,1974.9875,111104,108991,6543,6808,243829.0,244408,613082170,33903762.79535302,0.06072505002105503,6160.399518333919,110.0,4869820210.710674,89.50201884253029,89.50201884253029,0.0,1998.777777777778,41880,41350,2582,2700,9536.999999999998,9560,302706925,16558656.50740772,0.06072505002105503,2262.260646115544
2018_ALBERTO,Pre - 1st Max Landfall,0.1817549134235288,0.125,45,991,80.0,40.0,9,1.015,0,99.6875,56.375,66450.5,12.3,613842955309.8472,80.8612035179495,80.8612035179495,0.5983606557377049,1985.732972972973,30014510,29228637,5131457,5028502,1603625.999999999,1616713,510829968816,649174.7000000001,122384784.3349782,0.0002162684432805932,7079.773186179919,2018_ALBERTOPre - 1st Max Landfall,7156394821664.408,37.41074796497549,37.41074796497549,0.6013986013986014,1972.257299081812,374821031,362303109,68837172,67861802,16083513.0,16158022,8042358410969,122384784.3349782,5.898230271288906e-05,7079.773186179919,80.0,233129129410.8365,81.2749684889658,81.2749684889658,0.7419354838709677,1984.692957746479,2823763,2743989,414391,404925,601354.9999999998,605876,40907078650,6839554.063698524,0.0002162684432805932,178.1847988992828,80.0,283361944338.7612,83.28156814024916,83.28156814024916,0.6590909090909091,1984.427895981087,6082036,5919562,928056,906947,718606.0,723765,87620641419,23708880.21856875,0.0002162684432805932,1017.768305320384
2018_FLORENCE,Pre - 1st Max Landfall,30.05014568602342,20.66666666666667,82,954,170.0,23.0,6,3.05,1,349.3125,106.8125,77622.875,35.93,2640727182062.289,84.75584083928634,84.75584083928634,0.6150341685649203,1986.519760479042,314230263,302103334,72977502,70152311,5932738.999999998,5983946,8606510819119,402299.5,375039678940.8016,0.0444951257836493,13299739.20040382,2018_FLORENCEPre - 1st Max Landfall,4788348441364.686,62.00709383342132,62.00709383342132,0.413515687851971,1985.003897116134,1074449370,1031944961,243778011,235108233,11040216.0,11127102,28149020281121,445703379195.5013,0.01211566968053808,15723344.96565608,170.0,1041263986250.174,92.28073126962764,92.28073126962764,0.660377358490566,1987.935389133627,85457007,82757187,16900188,16337292,2520413.0,2545237,1748788589841,85335799215.78615,0.0444951257836493,4048834.507008224,170.0,417959546171.9312,95.98474652310453,95.98474652310453,0.8775510204081632,1987.639794168096,18788148,18146702,3560921,3398029,1099631.0,1109245,341528901290,22417299718.72379,0.0444951257836493,1215991.773468033
2018_MICHAEL,Pre - 1st Max Landfall,28.78997828628696,19.8,133,926,117.0,10.0,13,2.195,4,218.0625,92.75,156116.875,13.01,1620743095012.011,74.3007297131504,74.3007297131504,0.2782608695652174,1986.401046207498,54785129,53128641,12064442,11736877,3748802.0,3778572,1380674249650,842444.5,210801770100.1576,0.2116676561188818,10528109.24198308,2018_MICHAELPre - 1st Max Landfall,8046387774090.427,75.39245345942662,75.39245345942662,0.5162162162162162,1982.968541928013,352972381,340145343,85339146,82650495,17902311.99999999,18029301,10112692656669,246162083776.4965,0.09916115737118728,11596441.71870774,117.0,395498553579.9041,77.74546561558675,77.74546561558675,0.2156862745098039,1984.866438356164,12345646,11971553,2349409,2304798,982420.9999999995,988569,243566964276,75562138700.24998,0.2116676561188818,3671487.017105055,117.0,268625118146.7041,77.19419186116491,77.19419186116491,0.1,1983.146401985112,4618455,4493292,729991,719846,671623.9999999998,675477,77347115008,19453092243.14623,0.2116676561188818,1195940.417627104
2019_BARRY,Pre - 1st Max Landfall,0.8387987795085915,0.6,65,993,90.0,40.0,7,1.794,1,126.5,52.1875,44661.5,23.58,914957400933.8783,79.30182508566264,79.30182508566264,0.2530120481927711,1983.040032679738,84703093,84703093,15631551,15512487,1970362.999999999,1984939,2028837404489,257499.0,23733152732.58106,0.01260121032918678,913884.9919187406,2019_BARRYPre - 1st Max Landfall,3053015402839.441,49.45816122894139,49.45816122894139,0.350597609561753,1983.394170714781,334354412,334354412,58526603,57977106,7164193.0,7216456,6301803164283,25114868953.53252,0.00329760167208981,980956.7900172075,90.0,217489754055.3817,89.7843928957855,89.7843928957855,0.0,1982.806358381503,9502059,9502059,1594025,1583269,540311.9999999998,544218,198992350309,4155279793.846465,0.01260121032918678,185484.5486147475,90.0,237845824170.3861,84.58202482428592,84.58202482428592,0.06382978723404255,1983.259259259259,17476790,17476790,3012114,2993880,591719.0,596133,365441225274,3417102896.809805,0.01260121032918678,146492.6001524782
2019_DORIAN,Closest Bypasser,2.236796745356244,1.6,88,956,185.0,25.0,14,1.553,2,119.6875,119.6875,11695.75,15.21,1762192878118.855,86.16472187014072,86.16472187014072,0.8285714285714286,1986.388468809074,40112434,40112434,9204707,9054647,3893112.999999998,3926860,1054384486073,419882.7156862745,123122032744.2788,0.1167714760322734,4683988.115884806,2019_DORIANClosest Bypasser,1762192878118.855,86.16472187014072,86.16472187014072,0.8285714285714286,1986.388468809074,40112434,40112434,9204707,9054647,3893112.999999998,3926860,1054384486073,123122032744.2788,0.1167714760322734,4683988.115884806,185.0,372649444094.6219,92.66627411395244,92.66627411395244,1.0,1986.021484375,9402415,9402415,1700592,1673534,916159.9999999995,922693,162222224619,18942928613.99129,0.1167714760322734,1097933.839517548,185.0,80233079231.45444,95.28936742934052,95.28936742934052,1.0,1987.959349593496,1211716,1211716,202792,200458,219874.0,221791,16393540043,1914297868.201241,0.1167714760322734,141493.8232990705
2019_IMELDA,Pre - 1st Max Landfall,5.941491354852523,4.25,35,1006,61.65415834354844,30.0,7,0.481,0,132.125,70.6875,18957.25,44.29,1350388555585.02,85.84426873037236,85.84426873037236,1.0,1985.970464135021,116881946,116881946,40125351,39147324,3237990.999999998,3273934,6295517821845,1864872.3,213413826.4633846,3.050068626933972e-05,3786.942205587295,2019_IMELDAPre - 1st Max Landfall,1828515797877.701,78.86208258840388,78.86208258840388,0.9529411764705882,1985.254292722813,283195756,283195756,90194048,88115062,4128625.999999999,4171016,13825359144076,215879635.4292434,1.525034313466986e-05,3827.047452295798,62.78396861439214,1174391798246.871,91.43113503813369,91.43113503813369,1.0,1986.392,67657816,67657816,25389814,24790663,2803941.0,2835836,4198473262983,32396248.20200524,3.050068626933972e-05,788.026064462945,61.21481919798268,1226166685420.789,88.75429938687004,88.75429938687004,1.0,1986.654810495627,71397355,71397355,26449184,25806209,2951515.999999999,2985363,4316202718356,8342166.218998605,3.050068626933972e-05,368.7057256676856
2020_CRISTOBAL,Pre - 1st Max Landfall,0.4345418438340366,0.325,45,990,180.0,90.0,5,1.557,0,119.0,67.625,100463.4375,15.2,1372791240185.072,76.76744465964175,76.76744465964175,0.4837545126353791,1980.211616389014,142781560,142781560,28161187,28161187,3440124.0,3460976,3686630242458,176462.85,1814828319.097667,0.0004024560095808829,70248.17477041445,2020_CRISTOBALPre - 1st Max Landfall,6812423336630.874,34.02638549933078,34.02638549933078,0.4857142857142857,1973.069698065449,679558710,679558710,123526200,123526200,18341018.0,18418137,15616568396569,1816063988.511166,0.0001150673949829258,70320.95994522306,180.0,626966470006.0818,79.18074362988803,79.18074362988803,0.273972602739726,1977.293119698398,33876066,33876066,7271550,7271550,1552554.0,1559827,1104086702171,409588001.4311381,0.0004024560095808829,10273.87294203953,180.0,625056324248.0818,80.14375304258184,80.14375304258184,0.2911392405063291,1977.294228949858,36034914,36034914,7830058,7830058,1548786.0,1556059,1191745373379,497049965.022086,0.0004024560095808829,13256.99152989926
2020_HANNA,Pre - 1st Max Landfall,1.470757009899816,1.1,80,973,100.0,20.0,7,1.488,1,245.375,90.3125,29679.1875,15.49,312005771650.1463,80.84954525062197,80.84954525062197,1.0,1988.245,49633459,49633459,11107383,11107383,841311.9999999995,847189,1624475381940,1802143.7,54712171612.16014,0.03293395434162238,1547803.151060223,2020_HANNAPre - 1st Max Landfall,312005771650.1463,80.84954525062197,80.84954525062197,1.0,1988.245,49633459,49633459,11107383,11107383,841311.9999999995,847189,1624475381940,54712171612.16014,0.03293395434162238,1547803.151060223,100.0,241406627396.24,82.36129804097503,82.36129804097503,1.0,1988.839583333333,13414049,13414049,4096557,4096557,675166.9999999997,679953,564996027085,19275522648.45133,0.03293395434162238,440654.5380515685,100.0,169491997718.0625,79.7554957379991,79.7554957379991,1.0,1992.179063360882,1230641,1230641,312257,312257,489887.9999999999,493541,36102966875,363250366.9499601,0.03293395434162238,13855.38068255048
2020_ISAIAS,Pre - 1st Max Landfall,6.417848770471924,4.8,80,986,110.0,25.0,23,0.88,1,153.9375,104.375,143124.6875,9.15,6985466513126.864,83.34605427472184,83.34605427472184,0.7255639097744361,1976.038529724619,240482944,240482944,64667562,64667562,14953145.99999999,15032406,8207240359893,526535.1666666667,166237657511.1616,0.0343671518590596,5906126.4786566,2020_ISAIASPre - 1st Max Landfall,11477999147488.87,80.55849721046732,80.55849721046732,0.7029702970297029,1969.017962821138,362843272,362843272,107772015,107772015,24708592.0,24808218,14196059376121,209348113850.3578,0.02427357885911616,6704630.235265651,110.0,4094500669727.915,86.34721351785451,86.34721351785451,0.7425742574257426,1976.315967389143,75802443,75802443,21251246,21251246,8834468.0,8884576,2771692550087,47729254012.08769,0.0343671518590596,1605427.073040261,110.0,3282520137571.832,86.12320657289385,86.12320657289385,0.7368421052631579,1974.207449432659,45845245,45845245,13262121,13262121,7090827.999999998,7126570,1835838949626,24403373496.14792,0.0343671518590596,711440.3915733065
2020_LAURA,Pre - 1st Max Landfall,23.93322770655155,17.9,130,938,140.0,15.0,13,2.3,4,217.0,109.1875,136135.8125,11.74,2061040975060.637,71.50793022457974,71.50793022457974,0.4508196721311475,1984.315511783328,100893683,100893683,24181891,24181891,4730525.999999998,4774124,3331882983350,236216.3,1198485538638.946,0.2086562182104681,31165279.03225158,2020_LAURAPre - 1st Max Landfall,5258395774317.186,38.92405425632794,38.92405425632794,0.4508196721311475,1980.360324443222,297861223,297861223,58012282,58012282,12097236.0,12180688,7032338581776,1198684202649.706,0.06961413525892281,31175322.40473307,140.0,490134053992.4167,76.84075764041624,76.84075764041624,0.4489795918367347,1982.160759493671,17937417,17937417,2862952,2862952,1253796.999999999,1263484,333242338151,102126356002.5826,0.2086562182104681,5011663.165359593,140.0,216801701718.576,74.0331987438313,74.0331987438313,0.3181818181818182,1981.228650137741,6118791,6118791,933938,933938,561885.0,566267,111737697684,35252700224.40668,0.2086562182104681,1807726.214341469
2020_SALLY,Pre - 1st Max Landfall,9.31479439603217,6.966666666666667,95,965,92.0,16.0,7,1.435,2,608.5,262.5,163236.8125,29.99,554128995964.992,86.84611933602513,86.84611933602513,0.7628205128205128,1984.156930126002,55638025,55638025,10481063,10481063,1430334.999999999,1441340,1205782957390,688664.85,110208665832.0317,0.08077359342625354,4897209.536690326,2020_SALLYPre - 1st Max Landfall,3031953698575.815,73.94076558117852,73.94076558117852,0.6448275862068965,1986.871418422922,154259586,154259586,34664649,34664649,6854737.0,6913882,4219956642802,110208740783.6962,0.02850837648094702,4897213.830509217,92.0,354459593936.739,91.30126797478218,91.30126797478218,0.7466666666666667,1984.383512544803,33260597,33260597,6661939,6661939,947426.0,955340,829608805821,92837482522.67966,0.08077359342625354,3689960.615117866,92.0,221472616072.4501,91.8847515079009,91.8847515079009,0.6153846153846154,1982.388724035608,11778189,11778189,2418754,2418754,589017.9999999998,594525,325690256846,44317963219.0547,0.08077359342625354,1512852.538536459
2020_DELTA,Pre - 1st Max Landfall,3.877450298826787,2.9,87,968,140.0,17.0,14,2.165,2,187.8125,81.9375,135656.0,17.57,2144917244674.077,76.98950892086827,76.98950892086827,0.3888888888888889,1984.344151453685,99118558,99118558,21908082,21908082,4920930.0,4966418,2948907025437,236216.3,205018618402.1724,0.03165324270597917,5424028.008506862,2020_DELTAPre - 1st Max Landfall,4118319845554.724,60.88074988306941,60.88074988306941,0.4943820224719101,1983.565764523358,292854236,292854236,59243360,59243360,9714735.999999996,9793739,7126157394054,205343219912.9687,0.01186996601474219,5442204.30351517,140.0,252027635324.3226,76.43475860164958,76.43475860164958,0.1052631578947368,1981.462287104623,4769967,4769967,721183,721183,634697.0,639628,84114122234,5008650441.631021,0.03165324270597917,249241.9877346602,140.0,244486192422.6117,71.39973082099596,71.39973082099596,0.08333333333333333,1979.890736342043,4003207,4003207,673709,673709,620570.9999999998,624833,64593727435,1316523727.958927,0.03165324270597917,70775.31570846068
2020_ZETA,Pre - 1st Max Landfall,5.281354717367522,3.95,100,970,130.0,20.0,24,1.168,3,98.5,66.8125,171376.6875,8.8,3385532041108.577,65.2405317965228,65.2405317965228,0.676056338028169,1983.487427077047,107109419,107109419,21464115,21464115,8127152.999999998,8184539,2510081880918,297233.575,170178626496.8807,0.06058193719000011,6237330.461529446,2020_ZETAPre - 1st Max Landfall,6465549311645.078,67.69927807144731,67.69927807144731,0.7078651685393258,1982.302129597996,174353100,174353100,40632524,40632524,14825929.99999999,14919641,4970231444231,173251472999.4072,0.045715524337306,6328643.05650345,130.0,929179948758.5338,74.22453067440082,74.22453067440082,0.559322033898305,1979.716525146963,25968092,25968092,5235639,5235639,2324239.0,2335183,743020571686,87793556544.69798,0.06058193719000011,2682156.899901214,130.0,586512000135.3059,69.70512663648599,69.70512663648599,0.4285714285714285,1979.229428848015,10621302,10621302,2070573,2070573,1554416.0,1561702,289068214617,28374678946.62777,0.06058193719000011,866186.1149257626
2020_ETA,Pre - 1st Max Landfall,2.005577740772477,1.5,46,996,63.0,30.0,10,1.004,0,111.375,54.875,22959.125,20.74,1062159740233.829,89.52637313337179,89.52637313337179,0.0,1984.173677884615,37511635,37511635,9117938,9117938,3259169.0,3290145,1006835316242,1142004.4,643226638.9358019,0.0007000258940653235,25151.71292483772,2020_ETAPre - 1st Max Landfall,1062159740233.829,89.52637313337179,89.52637313337179,0.0,1984.173677884615,37511635,37511635,9117938,9117938,3259169.0,3290145,1006835316242,643226638.9358019,0.0007000258940653235,25151.71292483772,63.0,419503775156.4738,89.60969044414536,89.60969044414536,0.0,1985.83779527559,11383053,11383053,2667650,2667650,1269633.0,1283958,276726453299,132283068.4182183,0.0007000258940653235,7329.478158031785,63.0,410991985822.7382,89.44593988335576,89.44593988335576,0.0,1985.415873015873,10673611,10673611,2548264,2548264,1221736.0,1234620,290397256030,59981713.28608467,0.0007000258940653235,4169.253806526458
2021_ELSA,Pre - 1st Max Landfall,1.407759114932732,1.2,55,999,70.0,25.0,15,0.684,0,100.6878320178948,73.96230345143704,60492.34082759294,11.04,1135725578761.226,80.74595211876505,80.74595211876505,0.0,1984.907483794932,33405022,33405022,7432600,7432600,2953558.999999999,2978840,728349146979,1002088.95,1856320703.815448,0.003058070358965613,79656.68096238785,2021_ELSAPre - 1st Max Landfall,9027582659995.3,79.47217987594838,79.47217987594838,0.375,1979.695188101487,437210930,437210930,106665090,106665090,20009424.0,20140356,12839645446151,20545106795.87482,0.001905258367067167,592680.2921292621,70.0,92372995113.26332,82.21175414984297,82.21175414984297,0.0,1985.948051948052,1413577,1413577,328073,328073,230589.9999999999,231529,26549382939,33951849.1891047,0.003058070358965613,2362.071273507229,70.0,312097921293.3281,81.76002846490617,81.76002846490617,0.0,1985.271255060729,7194394,7194394,1432917,1432917,747830.9999999995,752707,106647973251,110831126.4659288,0.003058070358965613,8630.327514524548
2021_FRED,Pre - 1st Max Landfall,1.52507237451046,1.3,55,991,100.0,30.0,10,1.076,0,72.45086641859962,45.51080394838937,59912.04202757368,10.0,520358408553.284,77.7341206095602,77.7341206095602,0.3703703703703703,1984.793017456359,30002496,30002496,5671775,5671775,1338763.0,1348827,571133452402,779324.7999999999,1586243150.910643,0.002187045440102124,79966.82816150408,2021_FREDPre - 1st Max Landfall,13324527181296.78,58.33314825426015,58.33314825426015,0.583756345177665,1971.447892515308,791538245,791538245,186275531,186275531,28291085.0,28407697,20462865148113,1586243150.910643,0.0005047027938697209,79966.82816150408,100.0,211940952973.4216,79.77209510991476,79.77209510991476,0.3225806451612903,1983.804804804805,4931036,4931036,801488,801488,532910.9999999998,536953,79103180493,279526786.0698966,0.002187045440102124,15654.09518653499,100.0,325389400285.8787,77.7490496092182,77.7490496092182,0.4418604651162791,1983.721774193548,9180729,9180729,1612021,1612021,820909.0,826617,168220988914,125851026.8431927,0.002187045440102124,8391.774261473733
2021_HENRI,Pre - 1st Max Landfall,0.6452229276775022,0.55,55,987,50.0,25.0,11,0.413,0,94.48264545068378,33.15944100974593,41811.44915583282,10.0,3530565586881.421,84.50021551913721,84.50021551913721,0.8412698412698413,1962.105320600273,74634468,74634468,24169356,24169356,6290125.999999996,6303786,2878918886453,1110107.3,2019213352.526328,0.001316313908985425,68984.14549990502,2021_HENRIPre - 1st Max Landfall,6662375005006.758,83.57856851210549,83.57856851210549,0.7785467128027682,1960.468054211036,557131276,557131276,235218000,235218000,14133143.99999999,14166958,35352912112549,2019213352.526328,0.000564134532422325,68984.14549990502,50.0,2247301493136.877,85.75990288443776,85.75990288443776,0.9183673469387755,1963.852376137513,40069660,40069660,11450508,11450508,3351743.999999998,3359232,1225026712716,1126589928.110682,0.001316313908985425,43288.09670909379,50.0,2845985557676.592,85.01142942596509,85.01142942596509,0.8955223880597015,1964.085563513004,70169053,70169053,20209776,20209776,4555220.999999998,4565760,2259292460407,1738537706.848867,0.001316313908985425,50843.07879034021
2021_IDA,Pre - 1st Max Landfall,75.7061568474936,64.53333333333335,125,932,130.0,10.0,8,2.513,4,248.4745062178117,85.86335330206202,80758.21608977683,15.04,788261101790.8015,84.80362168114523,84.80362168114523,0.345945945945946,1978.403759398496,91871247,91871247,18718938,18718938,1963303.999999999,1972559,2680550091729,198604.15,530194460685.4448,0.176245453739677,17829450.14995505,2021_IDAPre - 1st Max Landfall,11116540853222.65,57.23913857606096,57.23913857606096,0.5643835616438356,1975.616553940936,724853033,724853033,156947180,156947180,25100067.0,25218951,18050757839018,530198936717.3516,0.04068110075707117,17829862.81028496,130.0,425958942650.9961,86.80843427545985,86.80843427545985,0.0963855421686747,1975.271041369472,42859621,42859621,9367941,9367941,1043649.0,1048652,1480136778116,300430219154.7172,0.176245453739677,8218358.121761824,130.0,419867991452.6762,87.62751867673163,87.62751867673163,0.09259259259259259,1975.205797101449,20565554,20565554,4635027,4635027,1027764.0,1032767,694386543440,123858714536.5259,0.176245453739677,3641452.293339226
2021_NICHOLAS,Pre - 1st Max Landfall,1.173132595777277,1.0,65,990,100.0,22.0,9,1.222,1,103.4956601056037,101.3290446362225,49410.04162001057,17.29,1812088553211.078,83.06564976820697,83.06564976820697,0.9526627218934911,1986.600406504065,136600847,136600847,41780016,41780016,4158940.999999999,4209210,6431347670161,2088972.3,77467466044.16425,0.01286362917381685,1548036.102941221,2021_NICHOLASPre - 1st Max Landfall,1812088553211.078,83.06564976820697,83.06564976820697,0.9526627218934911,1986.600406504065,136600847,136600847,41780016,41780016,4158940.999999999,4209210,6431347670161,77467466044.16425,0.01286362917381685,1548036.102941221,100.0,1331331752912.83,88.48138178555406,88.48138178555406,1.0,1986.046933333333,71525645,71525645,25069267,25069267,3206959.999999999,3242769,3971159301130,34122371805.9672,0.01286362917381685,615934.0359813601,100.0,1201690330892.97,93.3291921178866,93.3291921178866,1.0,1985.930136175252,47865078,47865078,17514421,17514421,2897322.999999999,2929720,2822187354806,11516408251.72366,0.01286362917381685,202486.5135279896
2022_IAN,Pre - 1st Max Landfall,115.1827195197182,109.5,135,938,130.0,20.0,8,2.023,4,232.9878301649587,105.952915038506,50052.29421372979,26.95,4430904885112.582,81.39374906535068,81.39374906535068,0.04523809523809524,1984.46836385291,506297102,506297102,130345140,130345140,12543908.99999999,12649293,18696031503709,1465281.1,3056158476314.444,0.1927637573276861,75521948.6177448,2022_IANPre - 1st Max Landfall,4820145063358.883,80.6168011598958,80.6168011598958,0.05807622504537205,1984.701638441415,630913484,630913484,160608679,160608679,13444731.0,13556165,22777763393596,3115517234023.128,0.1673035837187992,77334187.59270568,130.0,1644740222592.837,96.81267588400831,96.81267588400831,0.0,1987.403307888041,78950824,78950824,18439090,18439090,4820828.0,4867791,2522458421314,337777776532.3469,0.1927637573276861,13099095.54854233,130.0,938255447341.456,96.4498280245252,96.4498280245252,0.0,1988.763773584906,17623648,17623648,3516541,3516541,2718338.0,2747961,421738598144,113342403328.1527,0.1927637573276861,4666363.205556259
2022_IAN,Pre - 2nd Max Landfall,3.576449738511796,3.4,73,979,215.0,40.0,18,1.498,1,232.9878344928147,105.952915038506,193571.4606507404,26.95,3427833809084.693,79.57587226978022,79.57587226978022,0.4470588235294118,1985.637177806903,336300626,336300626,77295011,77295011,8041642.999999998,8112809,9154349562697,515221.9,223035245415.9056,0.02349780061328842,8153341.486624022,2022_IANPre - 2nd Max Landfall,3413976324205.693,79.56145672796417,79.56145672796417,0.4662447257383966,1985.678963548529,387215153,387215153,89848390,89848390,8009263.0,8080340,10651409632580,240239899533.0854,0.02014097195424722,8713808.927044667,215.0,1243713748946.306,88.8827120759943,88.8827120759943,0.3245614035087719,1987.795219638243,40800759,40800759,8504331,8504331,2889002.0,2918394,914670972457,26006559715.67859,0.02349780061328842,1053331.339937069,215.0,814706235103.5612,87.67929244376081,87.67929244376081,0.4827586206896552,1988.522373540856,19116779,19116779,3750810,3750810,1899402.0,1917984,385535471777,1543917641.81612,0.02349780061328842,67117.1930060301
2022_NICOLE,Pre - 1st Max Landfall,1.051896981915234,1.0,65,980,390.0,20.0,16,1.29,1,105.5836538973963,47.47751827712636,36135.19481605297,7.88,4369686143797.792,81.93502391961943,81.93502391961943,0.06696428571428571,1984.489143546441,429638753,429638753,105406733,105406733,12404665.0,12509126,14586973140566,1465281.1,194138321835.226,0.01312870150397028,5819018.358190422,2022_NICOLEPre - 1st Max Landfall,4369686143797.792,81.93502391961943,81.93502391961943,0.06696428571428571,1984.489143546441,429638753,429638753,105406733,105406733,12404665.0,12509126,14586973140566,194138321835.226,0.01312870150397028,5819018.358190422,390.0,2363971620018.117,95.5510692388216,95.5510692388216,0.0,1985.598463289698,130748483,130748483,34781612,34781612,7142343.999999995,7204106,5048837834703,57784080057.92225,0.01312870150397028,1457150.375164482,390.0,1663854582402.117,96.57869584723116,96.57869584723116,0.0,1985.414863209473,48307601,48307601,13852723,13852723,4940498.0,4984090,1975997080496,10882465139.0822,0.01312870150397028,280647.8252595292
2023_IDALIA,Pre - 1st Max Landfall,3.588518980750634,3.5,115,942,130.0,10.0,19,2.893,4,125.5042792450986,85.8351528821513,115318.0250961257,13.55,3595672495516.982,79.04869876606081,79.04869876606081,0.05221932114882506,1985.342161635833,196834019,196834019,46144137,46144137,9347162.999999996,9434217,5321285623611,920019.4666666667,581977118959.299,0.1007037458936968,19126676.12835588,2023_IDALIAPre - 1st Max Landfall,4389199712754.981,79.7218483624944,79.7218483624944,0.09030837004405286,1985.783496863439,240377413,240377413,55971431,55971431,11162227.0,11265082,6476447571193,585936198390.5968,0.0868071098865386,19275912.13466923,130.0,604231295504.3419,84.86095669078875,84.86095669078875,0.0,1986.094654788419,12963457,12963457,2693596,2693596,1505482.0,1517999,261578397104,14506902967.4966,0.1007037458936968,711340.060774096,130.0,163998572721.9932,85.74793308979042,85.74793308979042,0.0,1989.915254237288,1813820,1813820,377480,377480,401357.9999999997,404500,29587417380,597017198.5520062,0.1007037458936968,51575.46694756812
2024_BERYL,Pre - 1st Max Landfall,7.2,7.2,70,982,100.0,25.0,10,2.386,1,142.9102944203769,84.47694446000969,101760.1227780896,14.99,2212260692538.545,80.30070784108469,80.30070784108469,0.9925925925925926,1987.035371900826,123867540,123867540,39523938,39523938,5216512.999999997,5278622,6052199986398,2709392.9,194289399770.7419,0.02743614076840465,3819346.465834495,2024_BERYLPre - 1st Max Landfall,11175155889963.87,39.42215574593963,39.42215574593963,0.9797297297297297,1974.984908865225,663428623,663428623,140776360,140776360,25401083.0,25556417,19094812768861,194378240094.1057,0.008230842230521394,3823523.393751377,100.0,1324024799124.094,84.96811996139049,84.96811996139049,1.0,1986.343169398907,48013289,48013289,16875358,16875358,3135438.999999998,3170354,2618156862383,96279596215.73145,0.02743614076840465,1832821.977433234,100.0,1360139639049.277,83.94477488820388,83.94477488820388,1.0,1986.244027303754,18497190,18497190,6185650,6185650,3016489.0,3049547,958560319488,26044455941.16994,0.02743614076840465,514926.3667756363
2024_DEBBY,Pre - 1st Max Landfall,2.5,2.5,70,979,64.0,22.0,8,1.765,1,181.8169183157734,100.1405408517458,95338.05081230373,22.02,1878431188159.792,80.91154096793102,80.91154096793102,0.01838235294117647,1985.330326944758,116134388,116134388,27780431,27780431,4964207.0,5007108,3103360338783,1294049.7,12243809323.48819,0.01340253519448542,496596.8536633104,2024_DEBBYPre - 1st Max Landfall,3351966133637.358,77.86976137873825,77.86976137873825,0.01488497970230041,1986.454661830595,388753364,388753364,92554367,92554367,8439521.0,8519202,10742869705752,17240664914.96387,0.006983622117359067,669097.212817158,64.0,72413657702.29477,83.40062808434276,83.40062808434276,0.0,1986.89430894309,1971730,1971730,362529,362529,205501.0,206766,13368878839,207679912.2798473,0.01340253519448542,32608.58954252183,64.0,293182854326.7427,84.33610820331323,84.33610820331323,0.0,1983.512585812357,4665751,4665751,964340,964340,786599.9999999994,794472,69439162946,193836623.1670089,0.01340253519448542,16471.8766915909
2024_FRANCINE,Pre - 1st Max Landfall,1.3,1.3,89,973,90.0,20.0,15,1.259,2,124.4400699108373,71.90085200261092,121472.4615969633,14.61,809698534738.9863,79.16601119831267,79.16601119831267,0.3897058823529412,1979.277486910995,61804819,61804819,12633047,12633047,1982990.0,1992405,1817100681038,242636.55,64325501084.03779,0.02881833571304854,1870706.792928821,2024_FRANCINEPre - 1st Max Landfall,1749866138475.129,59.92290677612387,59.92290677612387,0.5113636363636364,1979.983653162758,178828571,178828571,35338940,35338940,4317308.999999997,4335958,4456328060050,64325501084.03779,0.009606111904349514,1870706.792928821,90.0,375173721529.7175,86.89808583819351,86.89808583819351,0.3529411764705883,1974.978386167147,7546997,7546997,1510138,1510138,1012070.999999999,1016149,209287526115,5195161208.534431,0.02881833571304854,194016.5035413388,90.0,594207421573.9915,83.11863103249375,83.11863103249375,0.546875,1977.746861924686,23002979,23002979,4845679,4845679,1449065.0,1456153,674334243997,4008419798.045505,0.02881833571304854,114565.1481909484
2024_HELENE,Pre - 1st Max Landfall,78.7,78.7,120,939,241.0,20.0,27,2.883,4,218.6100374158123,96.47522762819426,285496.3708570258,30.78,9002868104945.766,59.18157661091712,59.18157661091712,0.1657032755298651,1984.855585831063,666701714,666701714,159904019,159904019,22656710.99999999,22843668,19517988031364,1045935.966666667,2658135089987.836,0.1313464163212627,83476462.66538346,2024_HELENEPre - 1st Max Landfall,11416660987393.41,51.48341292738609,51.48341292738609,0.1657032755298651,1982.429322649305,1120242070,1120242070,246313773,246313773,27980838.99999998,28191150,29260482983967,2659395989582.133,0.05257488747916893,83530950.07142352,241.0,2064544467717.539,71.34833994412281,71.34833994412281,0.03496503496503497,1986.668690958165,57667934,57667934,12785341,12785341,5078971.0,5124098,1263708122459,185719516287.9669,0.1313464163212627,8986625.61240456,241.0,842889527424.7559,63.6550599878292,63.6550599878292,0.0,1985.645136186771,20928320,20928320,4677546,4677546,2178789.999999999,2194766,427920776879,54740429191.06131,0.1313464163212627,2291888.267041454
2024_MILTON,Pre - 1st Max Landfall,34.3,34.3,105,956,180.0,20.0,16,1.991,3,244.661529584555,100.242096981674,52000.13049783383,20.4,3107629017786.129,90.42086194070112,90.42086194070112,0.0,1984.314226804124,304756364,304756364,82907017,82907017,9342390.0,9420101,12102687886961,1705564.9,1687360037880.131,0.1422019461017316,42258294.58078408,2024_MILTONPre - 1st Max Landfall,3107629017786.129,90.42086194070112,90.42086194070112,0.0,1984.314226804124,304756364,304756364,82907017,82907017,9342390.0,9420101,12102687886961,1687360037880.131,0.1422019461017316,42258294.58078408,180.0,1865221334473.596,97.06707043517272,97.06707043517272,0.0,1986.026997840173,85310394,85310394,21894088,21894088,5616430.999999997,5667372,3233806692642,432607788753.6265,0.1422019461017316,11668125.19468467,180.0,1221943145769.482,97.4069089277703,97.4069089277703,0.0,1985.178212290503,28571393,28571393,6876328,6876328,3600734.999999998,3636241,1047205604519,127851026653.1571,0.1422019461017316,3945537.463983297
